Device Name,Time,Frequency,Today kWh,Today Cost,Month kWh,Month Cost,tCO2,Energy kWh,Line Voltage,Average Current,Power Factor,Average Power
MI Lab Wing,"Aug 31 2025, 23:00:00",50.02,2.94,29.40,238.29,2382.90,0.18,4182949.75,241.10,0.58,0.92,0.13
MI Lab Wing,"Aug 31 2025, 22:00:00",50.02,2.81,28.10,238.16,2381.60,0.18,4182819.75,240.26,0.58,0.92,0.13
MI Lab Wing,"Aug 31 2025, 21:00:00",49.98,2.68,26.80,238.03,2380.30,0.18,4182690.00,241.17,0.58,0.92,0.13
MI Lab Wing,"Aug 31 2025, 20:00:00",50.06,2.55,25.50,237.90,2379.00,0.18,4182560.00,239.89,0.58,0.92,0.13
MI Lab Wing,"Aug 31 2025, 19:00:00",50.07,2.43,24.30,237.78,2377.80,0.18,4182440.00,240.51,0.58,0.92,0.13
MI Lab Wing,"Aug 31 2025, 18:00:00",50.00,2.30,23.00,237.65,2376.50,0.18,4182310.00,243.34,0.58,0.92,0.13
MI Lab Wing,"Aug 31 2025, 17:00:00",49.88,2.17,21.70,237.52,2375.20,0.18,4182179.75,243.59,0.58,0.92,0.13
MI Lab Wing,"Aug 31 2025, 16:00:00",49.94,2.04,20.40,237.39,2373.90,0.18,4182049.75,242.14,0.59,0.92,0.13
MI Lab Wing,"Aug 31 2025, 15:00:00",50.00,1.91,19.10,237.26,2372.60,0.18,4181920.00,240.54,0.58,0.92,0.13
MI Lab Wing,"Aug 31 2025, 14:00:00",50.14,1.78,17.80,237.13,2371.30,0.18,4181790.00,242.74,0.58,0.92,0.13
MI Lab Wing,"Aug 31 2025, 13:00:00",50.25,1.65,16.50,237.00,2370.00,0.18,4181659.75,243.28,0.58,0.92,0.13
MI Lab Wing,"Aug 31 2025, 12:00:00",50.09,1.52,15.20,236.87,2368.70,0.18,4181529.75,244.05,0.58,0.92,0.13
MI Lab Wing,"Aug 31 2025, 11:00:00",50.05,1.39,13.90,236.74,2367.40,0.18,4181400.00,242.41,0.58,0.92,0.13
MI Lab Wing,"Aug 31 2025, 10:00:00",50.05,1.26,12.60,236.61,2366.10,0.18,4181270.00,241.07,0.58,0.92,0.13
MI Lab Wing,"Aug 31 2025, 09:00:00",50.03,1.13,11.30,236.48,2364.80,0.18,4181139.75,242.44,0.58,0.92,0.13
MI Lab Wing,"Aug 31 2025, 08:00:00",50.06,1.01,10.10,236.36,2363.60,0.18,4181020.00,241.65,0.58,0.92,0.13
MI Lab Wing,"Aug 31 2025, 07:00:00",50.05,0.88,8.80,236.23,2362.30,0.18,4180889.75,240.97,0.58,0.92,0.13
MI Lab Wing,"Aug 31 2025, 06:00:00",50.00,0.75,7.50,236.10,2361.00,0.18,4180759.75,242.16,0.58,0.92,0.13
MI Lab Wing,"Aug 31 2025, 05:00:00",50.02,0.62,6.20,235.97,2359.70,0.18,4180630.00,241.18,0.58,0.92,0.13
MI Lab Wing,"Aug 31 2025, 04:00:00",50.00,0.49,4.90,235.84,2358.40,0.18,4180500.00,243.92,0.58,0.92,0.13
MI Lab Wing,"Aug 31 2025, 03:00:00",50.01,0.36,3.60,235.71,2357.10,0.18,4180370.00,243.46,0.59,0.92,0.13
MI Lab Wing,"Aug 31 2025, 02:00:00",50.05,0.24,2.40,235.59,2355.90,0.18,4180250.00,242.83,0.58,0.92,0.13
MI Lab Wing,"Aug 31 2025, 01:00:00",50.01,0.12,1.20,235.47,2354.70,0.18,4180130.00,240.19,0.58,0.92,0.13
MI Lab Wing,"Aug 31 2025, 00:00:00",49.98,36.25,362.50,269.66,2696.60,0.20,4180009.75,241.83,0.58,0.92,0.13
MI Lab Wing,"Aug 30 2025, 23:00:00",50.02,11.35,113.50,235.24,2352.40,0.18,4179900.00,242.58,0.58,0.92,0.13
MI Lab Wing,"Aug 30 2025, 22:00:00",50.01,11.22,112.20,235.11,2351.10,0.18,4179770.00,241.10,0.58,0.92,0.13
MI Lab Wing,"Aug 30 2025, 21:00:00",50.03,11.09,110.90,234.98,2349.80,0.18,4179639.75,239.18,0.58,0.92,0.13
MI Lab Wing,"Aug 30 2025, 20:00:00",50.03,10.96,109.60,234.85,2348.50,0.18,4179509.75,242.35,0.58,0.92,0.13
MI Lab Wing,"Aug 30 2025, 19:00:00",50.05,10.83,108.30,234.72,2347.20,0.18,4179380.00,243.90,0.58,0.92,0.13
MI Lab Wing,"Aug 30 2025, 18:00:00",49.95,10.70,107.00,234.59,2345.90,0.18,4179250.00,243.94,0.59,0.92,0.13
MI Lab Wing,"Aug 30 2025, 17:00:00",49.90,10.67,106.70,234.56,2345.60,0.18,4179219.75,240.93,0.24,1.00,0.06
MI Lab Wing,"Aug 30 2025, 16:00:00",50.06,10.38,103.80,234.27,2342.70,0.18,4178929.75,238.06,2.94,0.95,0.66
MI Lab Wing,"Aug 30 2025, 14:00:00",50.09,8.78,87.80,232.67,2326.70,0.17,4177330.00,239.42,3.94,0.96,0.90
MI Lab Wing,"Aug 30 2025, 13:00:00",50.22,8.02,80.20,231.91,2319.10,0.17,4176569.75,240.30,3.92,0.98,0.92
MI Lab Wing,"Aug 30 2025, 12:00:00",50.01,6.95,69.50,230.84,2308.40,0.17,4175500.00,240.10,8.77,1.00,2.09
MI Lab Wing,"Aug 30 2025, 11:00:00",50.01,4.80,48.00,228.69,2286.90,0.17,4173350.00,236.38,9.36,1.00,2.20
MI Lab Wing,"Aug 30 2025, 10:00:00",50.04,2.65,26.50,226.54,2265.40,0.17,4171199.75,236.54,8.75,1.00,2.06
MI Lab Wing,"Aug 30 2025, 09:00:00",49.99,1.63,16.30,225.52,2255.20,0.17,4170179.75,238.66,3.54,0.97,0.81
MI Lab Wing,"Aug 30 2025, 08:00:00",50.02,0.89,8.90,224.78,2247.80,0.17,4169440.00,241.09,3.05,0.95,0.70
MI Lab Wing,"Aug 30 2025, 07:00:00",50.01,0.81,8.10,224.70,2247.00,0.17,4169359.75,241.57,0.00,1.00,0.00
MI Lab Wing,"Aug 30 2025, 06:00:00",50.03,0.78,7.80,224.67,2246.70,0.17,4169330.00,240.24,0.58,0.92,0.13
MI Lab Wing,"Aug 30 2025, 05:00:00",50.06,0.65,6.50,224.54,2245.40,0.17,4169199.75,244.11,0.57,0.91,0.13
MI Lab Wing,"Aug 30 2025, 04:00:00",49.99,0.52,5.20,224.41,2244.10,0.17,4169069.75,244.17,0.58,0.92,0.13
MI Lab Wing,"Aug 30 2025, 03:00:00",49.99,0.39,3.90,224.28,2242.80,0.17,4168940.00,244.84,0.58,0.91,0.13
MI Lab Wing,"Aug 30 2025, 02:00:00",50.00,0.26,2.60,224.15,2241.50,0.17,4168810.00,245.41,0.58,0.91,0.13
MI Lab Wing,"Aug 30 2025, 01:00:00",50.03,0.13,1.30,224.02,2240.20,0.17,4168679.75,244.61,0.58,0.91,0.13
MI Lab Wing,"Aug 30 2025, 00:00:00",50.06,24.79,247.90,246.74,2467.40,0.19,4168549.75,242.60,0.59,0.92,0.13
MI Lab Wing,"Aug 29 2025, 23:00:00",50.03,9.75,97.50,223.76,2237.60,0.17,4168420.00,242.85,0.58,0.92,0.13
MI Lab Wing,"Aug 29 2025, 22:00:00",50.05,9.62,96.20,223.63,2236.30,0.17,4168290.00,239.64,0.58,0.92,0.13
MI Lab Wing,"Aug 29 2025, 20:00:00",50.09,9.19,91.90,223.20,2232.00,0.17,4167859.75,243.03,1.75,0.61,0.26
MI Lab Wing,"Aug 29 2025, 19:00:00",49.87,8.93,89.30,222.94,2229.40,0.17,4167600.00,242.28,1.76,0.60,0.26
MI Lab Wing,"Aug 29 2025, 18:00:00",50.08,8.69,86.90,222.70,2227.00,0.17,4167359.75,242.38,1.74,0.61,0.26
MI Lab Wing,"Aug 29 2025, 17:00:00",50.07,8.28,82.80,222.29,2222.90,0.17,4166949.75,241.95,2.20,0.79,0.42
MI Lab Wing,"Aug 29 2025, 16:00:00",50.08,8.04,80.40,222.05,2220.50,0.17,4166710.00,242.23,0.74,0.95,0.17
MI Lab Wing,"Aug 29 2025, 15:00:00",49.77,7.45,74.50,221.46,2214.60,0.17,4166120.00,242.92,3.84,0.95,0.89
MI Lab Wing,"Aug 29 2025, 14:00:00",50.03,5.92,59.20,219.93,2199.30,0.16,4164589.75,237.25,8.07,1.00,1.90
MI Lab Wing,"Aug 29 2025, 12:00:00",50.17,3.44,34.40,217.45,2174.50,0.16,4162109.75,244.63,1.85,0.99,0.43
MI Lab Wing,"Aug 29 2025, 11:00:00",50.01,2.97,29.70,216.98,2169.80,0.16,4161639.75,241.71,2.35,1.00,0.56
MI Lab Wing,"Aug 29 2025, 10:00:00",50.12,2.26,22.60,216.27,2162.70,0.16,4160929.75,240.74,2.88,0.99,0.68
MI Lab Wing,"Aug 29 2025, 08:00:00",50.08,1.05,10.50,215.06,2150.60,0.16,4159719.75,241.51,0.97,0.81,0.19
MI Lab Wing,"Aug 29 2025, 07:00:00",50.00,0.90,9.00,214.91,2149.10,0.16,4159569.75,242.31,0.58,0.92,0.13
MI Lab Wing,"Aug 29 2025, 06:00:00",50.06,0.77,7.70,214.78,2147.80,0.16,4159440.00,239.40,0.59,0.92,0.13
MI Lab Wing,"Aug 29 2025, 05:00:00",50.04,0.66,6.60,214.67,2146.70,0.16,4159330.00,242.96,0.58,0.92,0.13
MI Lab Wing,"Aug 29 2025, 04:00:00",50.01,0.53,5.30,214.54,2145.40,0.16,4159199.75,242.92,0.57,0.92,0.13
MI Lab Wing,"Aug 29 2025, 03:00:00",50.02,0.40,4.00,214.41,2144.10,0.16,4159069.75,242.72,0.58,0.92,0.13
MI Lab Wing,"Aug 29 2025, 02:00:00",49.99,0.27,2.70,214.28,2142.80,0.16,4158940.00,242.83,0.58,0.92,0.13
MI Lab Wing,"Aug 29 2025, 01:00:00",50.02,0.14,1.40,214.15,2141.50,0.16,4158810.00,243.78,0.58,0.92,0.13
MI Lab Wing,"Aug 29 2025, 00:00:00",49.96,0.01,0.10,214.02,2140.20,0.16,4158679.75,241.99,0.58,0.92,0.13
MI Lab Wing,"Aug 28 2025, 23:00:00",50.03,12.70,127.00,213.89,2138.90,0.16,4158549.75,242.61,0.58,0.92,0.13
MI Lab Wing,"Aug 28 2025, 22:00:00",50.06,12.57,125.70,213.76,2137.60,0.16,4158420.00,241.85,0.57,0.92,0.13
MI Lab Wing,"Aug 28 2025, 21:00:00",50.03,12.41,124.10,213.60,2136.00,0.16,4158259.75,241.64,2.82,0.68,0.47
MI Lab Wing,"Aug 28 2025, 20:00:00",50.13,11.94,119.40,213.13,2131.30,0.16,4157790.00,244.69,2.87,0.68,0.47
MI Lab Wing,"Aug 28 2025, 19:00:00",49.90,11.48,114.80,212.67,2126.70,0.16,4157330.00,243.77,1.76,0.60,0.26
MI Lab Wing,"Aug 28 2025, 18:00:00",50.04,11.33,113.30,212.52,2125.20,0.16,4157179.75,242.84,0.58,0.92,0.13
MI Lab Wing,"Aug 28 2025, 17:00:00",50.06,11.19,111.90,212.38,2123.80,0.16,4157040.00,244.14,1.22,0.99,0.29
MI Lab Wing,"Aug 28 2025, 16:00:00",50.07,10.84,108.40,212.03,2120.30,0.16,4156690.00,241.69,2.49,0.92,0.56
MI Lab Wing,"Aug 28 2025, 15:00:00",50.00,9.99,99.90,211.18,2111.80,0.16,4155839.75,235.81,3.72,0.96,0.84
MI Lab Wing,"Aug 28 2025, 14:00:00",49.97,9.16,91.60,210.35,2103.50,0.16,4155009.75,238.16,4.38,0.97,1.01
MI Lab Wing,"Aug 28 2025, 13:00:00",50.31,8.26,82.60,209.45,2094.50,0.16,4154109.75,243.84,3.84,0.98,0.92
MI Lab Wing,"Aug 28 2025, 11:00:00",50.02,5.17,51.70,206.36,2063.60,0.15,4151020.00,236.52,8.96,1.00,2.11
MI Lab Wing,"Aug 28 2025, 10:00:00",50.03,3.01,30.10,204.20,2042.00,0.15,4148859.75,232.82,9.40,1.00,2.18
MI Lab Wing,"Aug 28 2025, 08:00:00",50.03,1.20,12.00,202.39,2023.90,0.15,4147049.75,239.26,0.65,0.94,0.15
MI Lab Wing,"Aug 28 2025, 07:00:00",50.02,1.04,10.40,202.23,2022.30,0.15,4146889.75,241.57,0.65,0.94,0.15
MI Lab Wing,"Aug 28 2025, 06:00:00",50.06,0.90,9.00,202.09,2020.90,0.15,4146750.00,242.16,0.65,0.94,0.15
MI Lab Wing,"Aug 28 2025, 05:00:00",50.07,0.75,7.50,201.94,2019.40,0.15,4146600.00,244.79,0.65,0.94,0.15
MI Lab Wing,"Aug 28 2025, 04:00:00",50.06,0.60,6.00,201.79,2017.90,0.15,4146449.75,245.36,0.65,0.93,0.15
MI Lab Wing,"Aug 28 2025, 03:00:00",50.08,0.45,4.50,201.64,2016.40,0.15,4146299.75,244.79,0.65,0.93,0.15
MI Lab Wing,"Aug 28 2025, 02:00:00",50.00,0.30,3.00,201.49,2014.90,0.15,4146150.00,243.27,0.65,0.94,0.15
MI Lab Wing,"Aug 28 2025, 01:00:00",49.96,0.16,1.60,201.35,2013.50,0.15,4146009.75,244.15,0.65,0.94,0.15
MI Lab Wing,"Aug 28 2025, 00:00:00",49.97,0.01,0.10,201.20,2012.00,0.15,4145859.75,244.08,0.65,0.93,0.15
MI Lab Wing,"Aug 27 2025, 23:00:00",49.97,1.95,19.50,201.05,2010.50,0.15,4145710.00,242.87,0.65,0.94,0.15
MI Lab Wing,"Aug 27 2025, 22:00:00",49.99,1.80,18.00,200.90,2009.00,0.15,4145560.00,240.36,0.66,0.94,0.15
MI Lab Wing,"Aug 27 2025, 21:00:00",50.02,1.66,16.60,200.76,2007.60,0.15,4145420.00,240.79,0.65,0.94,0.15
MI Lab Wing,"Aug 27 2025, 20:00:00",50.04,1.51,15.10,200.61,2006.10,0.15,4145270.00,238.99,0.66,0.94,0.15
MI Lab Wing,"Aug 27 2025, 19:00:00",49.96,1.20,12.00,200.30,2003.00,0.15,4144960.00,239.12,1.89,0.92,0.41
MI Lab Wing,"Aug 27 2025, 18:00:00",50.09,1.00,10.00,200.10,2001.00,0.15,4144759.75,242.20,0.23,-1.00,0.06
MI Lab Wing,"Aug 27 2025, 17:00:00",50.09,0.95,9.50,200.05,2000.50,0.15,4144710.00,242.23,0.23,1.00,0.06
MI Lab Wing,"Aug 27 2025, 16:00:00",50.03,0.89,8.90,199.99,1999.90,0.15,4144650.00,240.30,0.23,-1.00,0.06
MI Lab Wing,"Aug 27 2025, 15:00:00",49.73,0.84,8.40,199.94,1999.40,0.15,4144600.00,239.32,0.23,-1.00,0.06
MI Lab Wing,"Aug 27 2025, 14:00:00",49.97,0.78,7.80,199.88,1998.80,0.15,4144540.00,242.27,0.23,-1.00,0.05
MI Lab Wing,"Aug 27 2025, 12:00:00",50.02,0.67,6.70,199.77,1997.70,0.15,4144429.75,242.95,0.22,-1.00,0.06
MI Lab Wing,"Aug 27 2025, 11:00:00",50.03,0.61,6.10,199.71,1997.10,0.15,4144370.00,242.91,0.23,-1.00,0.06
MI Lab Wing,"Aug 27 2025, 10:00:00",50.13,0.56,5.60,199.66,1996.60,0.15,4144319.75,242.19,0.23,-1.00,0.06
MI Lab Wing,"Aug 27 2025, 09:00:00",50.02,0.50,5.00,199.60,1996.00,0.15,4144259.75,241.44,0.23,-1.00,0.06
MI Lab Wing,"Aug 27 2025, 08:00:00",49.99,0.45,4.50,199.55,1995.50,0.15,4144210.00,240.12,0.23,-1.00,0.06
MI Lab Wing,"Aug 27 2025, 07:00:00",50.05,0.39,3.90,199.49,1994.90,0.15,4144150.00,240.29,0.23,-1.00,0.06
MI Lab Wing,"Aug 27 2025, 06:00:00",50.04,0.34,3.40,199.44,1994.40,0.15,4144100.00,243.96,0.23,-1.00,0.05
MI Lab Wing,"Aug 27 2025, 05:00:00",50.01,0.28,2.80,199.38,1993.80,0.15,4144040.00,244.29,0.23,-1.00,0.06
MI Lab Wing,"Aug 27 2025, 04:00:00",49.97,0.23,2.30,199.33,1993.30,0.15,4143989.75,244.43,0.23,-1.00,0.06
MI Lab Wing,"Aug 27 2025, 03:00:00",50.04,0.17,1.70,199.27,1992.70,0.15,4143929.75,244.28,0.23,1.00,0.06
MI Lab Wing,"Aug 27 2025, 00:00:00",49.93,0.00,0.00,197.16,1971.60,0.15,4143759.75,243.26,0.23,-1.00,0.06
MI Lab Wing,"Aug 26 2025, 23:00:00",49.87,10.79,107.90,199.05,1990.50,0.15,4143710.00,244.19,0.23,1.00,0.06
MI Lab Wing,"Aug 26 2025, 22:00:00",50.05,10.73,107.30,198.99,1989.90,0.15,4143650.00,242.45,0.23,-1.00,0.06
MI Lab Wing,"Aug 26 2025, 21:00:00",50.03,10.67,106.70,198.93,1989.30,0.15,4143589.75,240.39,0.23,-1.00,0.06
MI Lab Wing,"Aug 26 2025, 20:00:00",50.11,10.62,106.20,198.88,1988.80,0.15,4143540.00,244.22,0.22,-1.00,0.05
MI Lab Wing,"Aug 26 2025, 19:00:00",50.05,10.56,105.60,212.40,2124.00,0.16,4143480.00,240.85,0.40,-1.00,0.10
MI Lab Wing,"Aug 26 2025, 18:00:00",50.03,10.51,105.10,212.35,2123.50,0.16,4143429.75,242.14,0.23,1.00,0.06
MI Lab Wing,"Aug 26 2025, 17:00:00",50.12,10.44,104.40,212.28,2122.80,0.16,4143359.75,243.66,1.08,-1.00,0.26
MI Lab Wing,"Aug 26 2025, 16:00:00",49.93,9.77,97.70,211.61,2116.10,0.16,4142690.00,241.70,2.84,0.98,0.67
MI Lab Wing,"Aug 26 2025, 15:00:00",50.05,9.06,90.60,210.90,2109.00,0.16,4141980.00,239.92,3.83,0.98,0.89
MI Lab Wing,"Aug 26 2025, 14:00:00",50.10,7.65,76.50,209.49,2094.90,0.16,4140569.75,238.44,7.93,1.00,1.88
MI Lab Wing,"Aug 26 2025, 13:00:00",50.17,5.77,57.70,207.61,2076.10,0.16,4138690.00,241.88,8.90,1.00,2.14
MI Lab Wing,"Aug 26 2025, 12:00:00",50.04,4.04,40.40,205.88,2058.80,0.15,4136960.00,245.58,3.44,0.97,0.82
MI Lab Wing,"Aug 26 2025, 11:00:00",49.98,3.15,31.50,204.99,2049.90,0.15,4136069.75,243.59,3.21,0.96,0.75
MI Lab Wing,"Aug 26 2025, 10:00:00",49.99,2.42,24.20,204.26,2042.60,0.15,4135339.75,246.22,3.23,0.96,0.76
MI Lab Wing,"Aug 26 2025, 09:00:00",50.01,1.56,15.60,203.40,2034.00,0.15,4134480.00,241.34,2.23,1.00,0.54
MI Lab Wing,"Aug 26 2025, 08:00:00",50.02,1.14,11.40,202.98,2029.80,0.15,4134060.00,241.96,3.20,0.96,0.74
MI Lab Wing,"Aug 26 2025, 07:00:00",50.00,0.91,9.10,202.75,2027.50,0.15,4133830.00,241.07,0.58,0.92,0.13
MI Lab Wing,"Aug 26 2025, 05:00:00",49.94,0.65,6.50,202.49,2024.90,0.15,4133569.75,242.79,0.58,0.92,0.13
MI Lab Wing,"Aug 26 2025, 04:00:00",50.00,0.52,5.20,202.36,2023.60,0.15,4133440.00,243.19,0.58,0.92,0.13
MI Lab Wing,"Aug 26 2025, 03:00:00",49.96,0.39,3.90,202.23,2022.30,0.15,4133310.00,242.24,0.58,0.92,0.13
MI Lab Wing,"Aug 26 2025, 02:00:00",49.97,0.26,2.60,202.10,2021.00,0.15,4133179.75,243.69,0.58,0.92,0.13
MI Lab Wing,"Aug 26 2025, 01:00:00",50.04,0.13,1.30,201.97,2019.70,0.15,4133049.75,243.94,0.58,0.91,0.13
MI Lab Wing,"Aug 26 2025, 00:00:00",50.05,11.21,112.10,201.84,2018.40,0.15,4132920.00,243.56,0.58,0.92,0.13
MI Lab Wing,"Aug 25 2025, 23:00:00",50.00,11.89,118.90,201.72,2017.20,0.15,4132799.75,243.01,0.58,0.91,0.13
MI Lab Wing,"Aug 25 2025, 22:00:00",50.02,11.76,117.60,201.59,2015.90,0.15,4132670.00,240.30,0.58,0.92,0.13
MI Lab Wing,"Aug 25 2025, 21:00:00",50.00,11.63,116.30,201.46,2014.60,0.15,4132540.00,238.62,0.58,0.92,0.13
MI Lab Wing,"Aug 25 2025, 20:00:00",50.07,11.50,115.00,201.33,2013.30,0.15,4132409.75,242.50,0.58,0.92,0.13
MI Lab Wing,"Aug 25 2025, 19:00:00",50.05,11.37,113.70,201.20,2012.00,0.15,4132279.75,243.63,0.58,0.92,0.13
MI Lab Wing,"Aug 25 2025, 18:00:00",50.08,11.08,110.80,200.91,2009.10,0.15,4131989.75,244.89,2.37,0.91,0.53
MI Lab Wing,"Aug 25 2025, 17:00:00",50.00,10.56,105.60,200.39,2003.90,0.15,4131469.75,242.46,2.35,0.91,0.52
MI Lab Wing,"Aug 25 2025, 16:00:00",49.99,10.04,100.40,199.87,1998.70,0.15,4130949.75,238.30,2.95,0.91,0.64
MI Lab Wing,"Aug 25 2025, 15:00:00",50.30,9.26,92.60,199.09,1990.90,0.15,4130170.00,238.72,3.73,0.98,0.87
MI Lab Wing,"Aug 25 2025, 14:00:00",50.10,7.24,72.40,197.07,1970.70,0.15,4128150.00,243.13,8.52,1.00,2.06
MI Lab Wing,"Aug 25 2025, 13:00:00",50.10,5.33,53.30,195.16,1951.60,0.15,4126239.75,237.82,8.29,1.00,1.96
MI Lab Wing,"Aug 25 2025, 12:00:00",50.11,3.96,39.60,193.79,1937.90,0.15,4124870.00,242.27,2.96,0.95,0.68
MI Lab Wing,"Aug 25 2025, 11:00:00",50.07,3.12,31.20,192.95,1929.50,0.14,4124029.75,241.44,3.80,0.95,0.87
MI Lab Wing,"Aug 25 2025, 10:00:00",50.02,2.39,23.90,192.22,1922.20,0.14,4123299.75,242.50,3.54,0.94,0.81
MI Lab Wing,"Aug 25 2025, 09:00:00",50.02,1.57,15.70,191.40,1914.00,0.14,4122480.00,242.58,2.27,1.00,0.55
MI Lab Wing,"Aug 25 2025, 08:00:00",50.14,1.05,10.50,190.88,1908.80,0.14,4121960.00,241.07,1.42,1.00,0.34
MI Lab Wing,"Aug 25 2025, 07:00:00",50.01,0.95,9.50,190.78,1907.80,0.14,4121859.75,242.03,0.08,1.00,0.02
MI Lab Wing,"Aug 25 2025, 06:00:00",50.05,0.93,9.30,190.76,1907.60,0.14,4121839.75,239.33,0.09,1.00,0.02
MI Lab Wing,"Aug 25 2025, 05:00:00",50.04,0.90,9.00,190.73,1907.30,0.14,4121810.00,243.76,0.09,1.00,0.02
MI Lab Wing,"Aug 25 2025, 04:00:00",49.98,0.88,8.80,190.71,1907.10,0.14,4121790.00,245.05,0.08,1.00,0.02
MI Lab Wing,"Aug 25 2025, 03:00:00",49.98,0.86,8.60,190.69,1906.90,0.14,4121770.00,245.05,0.09,1.00,0.02
MI Lab Wing,"Aug 25 2025, 02:00:00",49.96,0.84,8.40,190.67,1906.70,0.14,4121750.00,243.79,0.09,1.00,0.02
MI Lab Wing,"Aug 25 2025, 01:00:00",50.05,0.82,8.20,190.65,1906.50,0.14,4121730.00,245.21,0.08,1.00,0.02
MI Lab Wing,"Aug 25 2025, 00:00:00",50.04,0.80,8.00,190.63,1906.30,0.14,4121710.00,243.73,0.09,1.00,0.02
MI Lab Wing,"Aug 24 2025, 23:00:00",50.03,9.77,97.70,190.61,1906.10,0.14,4121690.00,242.12,0.09,1.00,0.02
MI Lab Wing,"Aug 24 2025, 22:00:00",50.07,9.75,97.50,190.59,1905.90,0.14,4121670.00,241.04,0.09,1.00,0.02
MI Lab Wing,"Aug 24 2025, 21:00:00",50.01,9.73,97.30,190.57,1905.70,0.14,4121650.00,241.93,0.09,1.00,0.02
MI Lab Wing,"Aug 24 2025, 20:00:00",50.03,9.59,95.90,190.43,1904.30,0.14,4121509.75,240.38,2.34,0.63,0.35
MI Lab Wing,"Aug 24 2025, 19:00:00",50.07,9.36,93.60,190.20,1902.00,0.14,4121279.75,240.49,0.09,1.00,0.02
MI Lab Wing,"Aug 24 2025, 17:00:00",50.06,9.32,93.20,190.16,1901.60,0.14,4121239.75,242.83,0.08,1.00,0.02
MI Lab Wing,"Aug 24 2025, 16:00:00",50.09,9.30,93.00,190.14,1901.40,0.14,4121219.75,243.86,0.09,1.00,0.02
MI Lab Wing,"Aug 24 2025, 15:00:00",50.05,9.28,92.80,190.12,1901.20,0.14,4121199.75,243.47,0.08,1.00,0.02
MI Lab Wing,"Aug 24 2025, 14:00:00",50.16,9.26,92.60,190.10,1901.00,0.14,4121179.75,244.96,0.09,1.00,0.02
MI Lab Wing,"Aug 24 2025, 13:00:00",50.20,9.24,92.40,190.08,1900.80,0.14,4121159.75,244.41,0.09,1.00,0.02
MI Lab Wing,"Aug 24 2025, 12:00:00",50.14,9.22,92.20,190.06,1900.60,0.14,4121139.75,241.99,0.09,1.00,0.02
MI Lab Wing,"Aug 24 2025, 11:00:00",50.05,9.20,92.00,190.04,1900.40,0.14,4121120.00,242.54,0.09,1.00,0.02
MI Lab Wing,"Aug 24 2025, 10:00:00",49.95,9.18,91.80,190.02,1900.20,0.14,4121100.00,242.22,0.09,1.00,0.02
MI Lab Wing,"Aug 24 2025, 09:00:00",50.03,9.15,91.50,189.99,1899.90,0.14,4121069.75,240.60,0.09,1.00,0.02
MI Lab Wing,"Aug 24 2025, 08:00:00",49.99,9.13,91.30,189.97,1899.70,0.14,4121049.75,239.81,0.09,1.00,0.02
MI Lab Wing,"Aug 24 2025, 07:00:00",49.98,9.11,91.10,189.95,1899.50,0.14,4121029.75,239.33,0.09,1.00,0.02
MI Lab Wing,"Aug 24 2025, 06:00:00",50.07,9.09,90.90,189.93,1899.30,0.14,4121009.75,242.33,0.09,1.00,0.02
MI Lab Wing,"Aug 24 2025, 05:00:00",50.02,9.07,90.70,189.91,1899.10,0.14,4120989.75,244.08,0.09,1.00,0.02
MI Lab Wing,"Aug 24 2025, 04:00:00",50.03,9.05,90.50,189.89,1898.90,0.14,4120969.75,244.06,0.09,1.00,0.02
MI Lab Wing,"Aug 24 2025, 03:00:00",49.97,9.03,90.30,189.87,1898.70,0.14,4120949.75,242.87,0.09,1.00,0.02
MI Lab Wing,"Aug 24 2025, 02:00:00",50.05,9.01,90.10,189.85,1898.50,0.14,4120929.75,245.59,0.08,1.00,0.02
MI Lab Wing,"Aug 24 2025, 01:00:00",50.00,8.99,89.90,189.83,1898.30,0.14,4120909.75,245.66,0.09,1.00,0.02
MI Lab Wing,"Aug 24 2025, 00:00:00",49.96,8.97,89.70,189.81,1898.10,0.14,4120889.75,245.60,0.08,1.00,0.02
MI Lab Wing,"Aug 23 2025, 23:00:00",49.97,17.55,175.50,189.79,1897.90,0.14,4120870.00,244.88,0.09,1.00,0.02
MI Lab Wing,"Aug 23 2025, 20:00:00",50.14,17.22,172.20,189.46,1894.60,0.14,4120540.00,243.64,0.09,1.00,0.02
MI Lab Wing,"Aug 23 2025, 19:00:00",50.01,17.19,171.90,189.43,1894.30,0.14,4120509.75,242.93,0.09,1.00,0.02
MI Lab Wing,"Aug 23 2025, 18:00:00",50.10,17.17,171.70,189.41,1894.10,0.14,4120489.75,244.51,0.09,1.00,0.02
MI Lab Wing,"Aug 23 2025, 17:00:00",50.11,17.15,171.50,189.39,1893.90,0.14,4120469.75,242.95,0.08,1.00,0.02
MI Lab Wing,"Aug 23 2025, 16:00:00",50.00,17.13,171.30,189.37,1893.70,0.14,4120449.75,243.66,0.09,1.00,0.02
MI Lab Wing,"Aug 23 2025, 15:00:00",50.14,16.95,169.50,189.19,1891.90,0.14,4120270.00,242.96,1.55,1.00,0.38
MI Lab Wing,"Aug 23 2025, 14:00:00",50.09,16.57,165.70,188.81,1888.10,0.14,4119889.75,241.94,1.58,1.00,0.38
MI Lab Wing,"Aug 23 2025, 13:00:00",50.26,16.24,162.40,188.48,1884.80,0.14,4119560.00,244.22,0.91,0.98,0.22
MI Lab Wing,"Aug 23 2025, 12:00:00",50.13,15.20,152.00,187.44,1874.40,0.14,4118520.00,238.49,9.66,0.99,2.27
MI Lab Wing,"Aug 23 2025, 11:00:00",50.26,13.04,130.40,185.28,1852.80,0.14,4116359.75,237.45,8.54,1.00,2.02
MI Lab Wing,"Aug 23 2025, 10:00:00",50.04,11.03,110.30,183.27,1832.70,0.14,4114350.00,238.18,8.46,1.00,2.00
MI Lab Wing,"Aug 23 2025, 09:00:00",50.01,9.91,99.10,182.15,1821.50,0.14,4113230.00,236.59,2.94,0.91,0.63
MI Lab Wing,"Aug 23 2025, 08:00:00",49.96,9.38,93.80,181.62,1816.20,0.14,4112699.75,236.43,0.62,0.92,0.13
MI Lab Wing,"Aug 23 2025, 07:00:00",50.01,9.37,93.70,181.61,1816.10,0.14,4112690.00,239.66,0.00,1.00,0.00
MI Lab Wing,"Aug 23 2025, 06:00:00",50.09,9.33,93.30,181.57,1815.70,0.14,4112650.00,244.27,0.65,0.94,0.15
MI Lab Wing,"Aug 23 2025, 05:00:00",50.09,9.19,91.90,181.43,1814.30,0.14,4112509.75,246.82,0.65,0.93,0.15
MI Lab Wing,"Aug 23 2025, 04:00:00",50.12,9.04,90.40,181.28,1812.80,0.14,4112359.75,248.76,0.65,0.93,0.15
MI Lab Wing,"Aug 23 2025, 03:00:00",50.06,8.89,88.90,181.13,1811.30,0.14,4112210.00,243.37,0.65,0.94,0.15
MI Lab Wing,"Aug 23 2025, 02:00:00",50.03,8.75,87.50,180.99,1809.90,0.14,4112069.75,243.54,0.65,0.94,0.15
MI Lab Wing,"Aug 23 2025, 01:00:00",50.03,8.60,86.00,180.84,1808.40,0.14,4111920.00,243.47,0.65,0.94,0.15
MI Lab Wing,"Aug 23 2025, 00:00:00",50.00,8.45,84.50,180.69,1806.90,0.14,4111770.00,243.99,0.65,0.93,0.15
MI Lab Wing,"Aug 22 2025, 23:00:00",49.98,15.94,159.40,180.54,1805.40,0.14,4111620.00,241.37,0.65,0.94,0.15
MI Lab Wing,"Aug 22 2025, 22:00:00",50.08,15.80,158.00,180.40,1804.00,0.14,4111480.00,239.97,0.66,0.94,0.14
MI Lab Wing,"Aug 22 2025, 21:00:00",50.05,15.65,156.50,180.25,1802.50,0.14,4111330.00,240.38,0.65,0.94,0.14
MI Lab Wing,"Aug 22 2025, 20:00:00",50.02,15.35,153.50,179.95,1799.50,0.13,4111029.75,243.05,0.65,0.94,0.15
MI Lab Wing,"Aug 22 2025, 19:00:00",50.07,15.21,152.10,179.81,1798.10,0.13,4110889.75,241.71,0.65,0.94,0.15
MI Lab Wing,"Aug 22 2025, 18:00:00",50.14,15.06,150.60,179.66,1796.60,0.13,4110739.75,245.25,0.08,1.00,0.02
MI Lab Wing,"Aug 22 2025, 16:00:00",50.00,14.80,148.00,179.40,1794.00,0.13,4110480.00,240.06,1.83,0.91,0.40
MI Lab Wing,"Aug 22 2025, 15:00:00",50.01,14.07,140.70,178.67,1786.70,0.13,4109750.00,241.41,3.76,0.97,0.88
MI Lab Wing,"Aug 22 2025, 14:00:00",50.03,13.12,131.20,177.72,1777.20,0.13,4108799.75,243.29,5.19,0.99,1.25
MI Lab Wing,"Aug 22 2025, 11:00:00",50.01,10.71,107.10,175.31,1753.10,0.13,4106389.75,237.91,3.98,0.98,0.93
MI Lab Wing,"Aug 22 2025, 10:00:00",50.00,9.88,98.80,174.48,1744.80,0.13,4105560.00,237.25,3.35,0.97,0.77
MI Lab Wing,"Aug 22 2025, 09:00:00",50.06,9.16,91.60,173.76,1737.60,0.13,4104839.75,243.53,3.10,0.96,0.72
MI Lab Wing,"Aug 22 2025, 08:00:00",50.04,8.55,85.50,173.15,1731.50,0.13,4104230.00,244.51,0.68,0.94,0.15
MI Lab Wing,"Aug 22 2025, 07:00:00",50.04,8.52,85.20,173.12,1731.20,0.13,4104199.75,241.49,0.09,1.00,0.02
MI Lab Wing,"Aug 22 2025, 06:00:00",50.06,8.38,83.80,172.98,1729.80,0.13,4104060.00,241.59,0.65,0.94,0.15
MI Lab Wing,"Aug 22 2025, 05:00:00",50.06,8.24,82.40,172.84,1728.40,0.13,4103920.00,242.43,0.65,0.94,0.15
MI Lab Wing,"Aug 22 2025, 04:00:00",49.95,8.09,80.90,172.69,1726.90,0.13,4103770.00,244.14,0.65,0.94,0.15
MI Lab Wing,"Aug 22 2025, 03:00:00",49.95,7.94,79.40,172.54,1725.40,0.13,4103620.00,243.36,0.65,0.94,0.15
MI Lab Wing,"Aug 22 2025, 02:00:00",50.03,7.79,77.90,172.39,1723.90,0.13,4103469.75,244.98,0.65,0.93,0.15
MI Lab Wing,"Aug 22 2025, 01:00:00",50.01,7.65,76.50,172.25,1722.50,0.13,4103330.00,244.24,0.65,0.94,0.15
MI Lab Wing,"Aug 22 2025, 00:00:00",50.07,7.50,75.00,172.10,1721.00,0.13,4103179.75,242.26,0.65,0.94,0.15
MI Lab Wing,"Aug 21 2025, 23:00:00",50.03,15.99,159.90,171.95,1719.50,0.13,4103029.75,243.09,0.65,0.93,0.15
MI Lab Wing,"Aug 21 2025, 22:00:00",50.03,15.85,158.50,171.81,1718.10,0.13,4102889.75,238.80,0.65,0.94,0.14
MI Lab Wing,"Aug 21 2025, 20:00:00",50.03,15.55,155.50,171.51,1715.10,0.13,4102589.75,244.02,0.65,0.94,0.15
MI Lab Wing,"Aug 21 2025, 19:00:00",49.77,15.41,154.10,171.37,1713.70,0.13,4102449.75,242.84,0.65,0.94,0.15
MI Lab Wing,"Aug 21 2025, 18:00:00",50.13,15.26,152.60,171.22,1712.20,0.13,4102299.75,242.88,0.65,0.94,0.15
MI Lab Wing,"Aug 21 2025, 17:00:00",50.03,15.03,150.30,170.99,1709.90,0.13,4102069.75,239.02,2.39,0.92,0.52
MI Lab Wing,"Aug 21 2025, 16:00:00",50.01,14.51,145.10,170.47,1704.70,0.13,4101549.75,239.37,2.39,0.92,0.52
MI Lab Wing,"Aug 21 2025, 15:00:00",49.96,13.85,138.50,169.81,1698.10,0.13,4100889.75,237.67,2.81,0.95,0.63
MI Lab Wing,"Aug 21 2025, 14:00:00",50.06,13.10,131.00,169.06,1690.60,0.13,4100139.75,238.90,3.56,0.94,0.80
MI Lab Wing,"Aug 21 2025, 11:00:00",49.96,11.01,110.10,166.97,1669.70,0.13,4098049.75,243.15,2.65,0.93,0.60
MI Lab Wing,"Aug 21 2025, 09:00:00",49.99,9.63,96.30,165.59,1655.90,0.12,4096670.00,241.48,3.72,0.97,0.87
MI Lab Wing,"Aug 21 2025, 08:00:00",50.11,8.80,88.00,164.76,1647.60,0.12,4095840.00,244.60,1.41,1.00,0.34
MI Lab Wing,"Aug 21 2025, 05:00:00",50.05,8.72,87.20,164.68,1646.80,0.12,4095760.00,244.69,0.09,1.00,0.02
MI Lab Wing,"Aug 21 2025, 02:00:00",50.04,8.66,86.60,164.62,1646.20,0.12,4095700.00,244.62,0.08,1.00,0.02
MI Lab Wing,"Aug 20 2025, 23:00:00",50.00,16.95,169.50,164.56,1645.60,0.12,4095640.00,244.51,0.09,1.00,0.02
MI Lab Wing,"Aug 20 2025, 22:00:00",50.04,16.78,167.80,164.39,1643.90,0.12,4095470.00,240.86,1.88,0.58,0.26
MI Lab Wing,"Aug 20 2025, 21:00:00",49.86,16.60,166.00,164.21,1642.10,0.12,4095290.00,241.13,0.09,1.00,0.02
MI Lab Wing,"Aug 20 2025, 19:00:00",49.95,16.56,165.60,164.17,1641.70,0.12,4095250.00,240.40,0.09,1.00,0.02
MI Lab Wing,"Aug 20 2025, 18:00:00",50.05,16.54,165.40,164.15,1641.50,0.12,4095230.00,241.80,0.08,1.00,0.02
MI Lab Wing,"Aug 20 2025, 17:00:00",50.00,16.51,165.10,164.12,1641.20,0.12,4095200.00,241.78,0.76,-1.00,0.18
MI Lab Wing,"Aug 20 2025, 16:00:00",50.06,16.10,161.00,163.71,1637.10,0.12,4094790.00,244.00,2.67,0.96,0.62
MI Lab Wing,"Aug 20 2025, 14:00:00",50.27,14.37,143.70,161.98,1619.80,0.12,4093060.00,239.57,3.56,0.94,0.80
MI Lab Wing,"Aug 20 2025, 13:00:00",50.22,13.73,137.30,161.34,1613.40,0.12,4092420.00,243.07,2.07,1.00,0.50
MI Lab Wing,"Aug 20 2025, 12:00:00",50.05,12.71,127.10,160.32,1603.20,0.12,4091400.00,238.90,7.27,-1.00,1.72
MI Lab Wing,"Aug 20 2025, 11:00:00",50.00,11.03,110.30,158.64,1586.40,0.12,4089720.00,236.53,7.03,-1.00,1.65
MI Lab Wing,"Aug 20 2025, 10:00:00",50.14,9.33,93.30,156.94,1569.40,0.12,4088020.00,239.20,7.18,-1.00,1.70
MI Lab Wing,"Aug 20 2025, 09:00:00",50.07,8.78,87.80,156.39,1563.90,0.12,4087470.00,239.89,1.34,1.00,0.32
MI Lab Wing,"Aug 20 2025, 08:00:00",50.07,8.46,84.60,156.07,1560.70,0.12,4087150.00,242.66,1.31,1.00,0.32
MI Lab Wing,"Aug 20 2025, 07:00:00",49.99,8.35,83.50,155.96,1559.60,0.12,4087040.00,239.56,0.00,1.00,0.00
MI Lab Wing,"Aug 20 2025, 06:00:00",50.05,8.35,83.50,155.96,1559.60,0.12,4087040.00,241.04,0.00,1.00,0.00
MI Lab Wing,"Aug 20 2025, 05:00:00",50.07,8.35,83.50,155.96,1559.60,0.12,4087040.00,243.22,0.00,1.00,0.00
MI Lab Wing,"Aug 20 2025, 04:00:00",50.03,8.35,83.50,155.96,1559.60,0.12,4087040.00,243.35,0.00,1.00,0.00
MI Lab Wing,"Aug 20 2025, 03:00:00",49.92,8.35,83.50,155.96,1559.60,0.12,4087040.00,245.92,0.00,1.00,0.00
MI Lab Wing,"Aug 20 2025, 02:00:00",49.93,8.35,83.50,155.96,1559.60,0.12,4087040.00,244.73,0.00,1.00,0.00
MI Lab Wing,"Aug 20 2025, 01:00:00",49.98,8.35,83.50,155.96,1559.60,0.12,4087040.00,243.35,0.00,1.00,0.00
MI Lab Wing,"Aug 20 2025, 00:00:00",50.04,8.35,83.50,155.96,1559.60,0.12,4087040.00,243.34,0.00,1.00,0.00
MI Lab Wing,"Aug 19 2025, 23:00:00",50.01,17.50,175.00,155.96,1559.60,0.12,4087040.00,244.71,0.00,1.00,0.00
MI Lab Wing,"Aug 19 2025, 22:00:00",50.07,17.50,175.00,155.96,1559.60,0.12,4087040.00,242.58,0.00,1.00,0.00
MI Lab Wing,"Aug 19 2025, 21:00:00",50.03,17.50,175.00,155.96,1559.60,0.12,4087040.00,242.51,0.00,1.00,0.00
MI Lab Wing,"Aug 19 2025, 20:00:00",50.04,17.50,175.00,155.96,1559.60,0.12,4087040.00,242.95,0.00,1.00,0.00
MI Lab Wing,"Aug 19 2025, 19:00:00",50.05,17.50,175.00,155.96,1559.60,0.12,4087040.00,244.40,0.00,1.00,0.00
MI Lab Wing,"Aug 19 2025, 18:00:00",50.13,17.49,174.90,155.95,1559.50,0.12,4087030.00,242.74,1.78,0.90,0.39
MI Lab Wing,"Aug 19 2025, 17:00:00",50.06,17.11,171.10,155.57,1555.70,0.12,4086650.00,239.76,1.76,0.90,0.38
MI Lab Wing,"Aug 19 2025, 16:00:00",49.98,16.61,166.10,155.07,1550.70,0.12,4086150.00,236.01,3.41,0.96,0.77
MI Lab Wing,"Aug 19 2025, 15:00:00",50.06,15.99,159.90,154.45,1544.50,0.12,4085530.00,240.15,2.75,0.98,0.64
MI Lab Wing,"Aug 19 2025, 14:00:00",50.10,15.30,153.00,153.76,1537.60,0.12,4084840.00,239.68,4.15,0.98,0.97
MI Lab Wing,"Aug 19 2025, 13:00:00",50.11,13.45,134.50,151.91,1519.10,0.11,4082990.00,241.40,7.59,-1.00,1.82
MI Lab Wing,"Aug 19 2025, 12:00:00",50.00,12.24,122.40,150.70,1507.00,0.11,4081780.00,244.70,3.13,0.98,0.75
MI Lab Wing,"Aug 19 2025, 11:00:00",50.00,11.45,114.50,149.91,1499.10,0.11,4080990.00,240.64,3.24,0.98,0.76
MI Lab Wing,"Aug 19 2025, 10:00:00",50.02,10.79,107.90,149.25,1492.50,0.11,4080330.00,241.16,3.05,0.98,0.72
MI Lab Wing,"Aug 19 2025, 09:00:00",49.97,10.16,101.60,148.62,1486.20,0.11,4079700.00,240.89,1.75,1.00,0.42
MI Lab Wing,"Aug 19 2025, 08:00:00",50.11,9.76,97.60,148.22,1482.20,0.11,4079300.00,243.73,1.93,-1.00,0.47
MI Lab Wing,"Aug 19 2025, 07:00:00",50.03,9.58,95.80,148.04,1480.40,0.11,4079120.00,239.93,0.30,-1.00,0.07
MI Lab Wing,"Aug 19 2025, 06:00:00",50.09,9.51,95.10,147.97,1479.70,0.11,4079050.00,242.22,0.30,-1.00,0.07
MI Lab Wing,"Aug 19 2025, 05:00:00",50.07,9.44,94.40,147.90,1479.00,0.11,4078980.00,239.57,0.32,-1.00,0.08
MI Lab Wing,"Aug 19 2025, 04:00:00",50.01,9.37,93.70,147.83,1478.30,0.11,4078910.00,242.77,0.30,-1.00,0.07
MI Lab Wing,"Aug 19 2025, 03:00:00",50.00,9.30,93.00,147.76,1477.60,0.11,4078840.00,246.12,0.30,-1.00,0.07
MI Lab Wing,"Aug 19 2025, 02:00:00",50.01,9.22,92.20,147.68,1476.80,0.11,4078760.00,244.58,0.30,-1.00,0.07
MI Lab Wing,"Aug 19 2025, 01:00:00",50.00,9.15,91.50,147.61,1476.10,0.11,4078690.00,245.17,0.30,-1.00,0.07
MI Lab Wing,"Aug 19 2025, 00:00:00",49.98,9.08,90.80,147.54,1475.40,0.11,4078620.00,244.12,0.30,-1.00,0.07
MI Lab Wing,"Aug 18 2025, 23:00:00",50.03,9.36,93.60,147.47,1474.70,0.11,4078550.00,243.78,0.30,-1.00,0.07
MI Lab Wing,"Aug 18 2025, 22:00:00",50.03,9.28,92.80,147.39,1473.90,0.11,4078470.00,243.15,0.30,-1.00,0.07
MI Lab Wing,"Aug 18 2025, 21:00:00",50.04,9.21,92.10,147.32,1473.20,0.11,4078400.00,242.86,0.30,-1.00,0.07
MI Lab Wing,"Aug 18 2025, 20:00:00",50.09,9.14,91.40,147.25,1472.50,0.11,4078330.00,244.39,0.30,-1.00,0.07
MI Lab Wing,"Aug 18 2025, 19:00:00",50.06,9.06,90.60,147.17,1471.70,0.11,4078250.00,243.90,0.30,-1.00,0.07
MI Lab Wing,"Aug 18 2025, 18:00:00",50.04,8.99,89.90,147.10,1471.00,0.11,4078180.00,243.82,0.30,-1.00,0.07
MI Lab Wing,"Aug 18 2025, 17:00:00",50.02,8.90,89.00,147.01,1470.10,0.11,4078090.00,245.33,0.30,-1.00,0.07
MI Lab Wing,"Aug 18 2025, 16:00:00",50.09,8.64,86.40,146.75,1467.50,0.11,4077830.00,244.03,1.21,0.97,0.29
MI Lab Wing,"Aug 18 2025, 15:00:00",50.07,8.01,80.10,146.12,1461.20,0.11,4077200.00,238.74,3.85,0.98,0.89
MI Lab Wing,"Aug 18 2025, 14:00:00",49.99,6.63,66.30,144.74,1447.40,0.11,4075820.00,238.35,9.36,1.00,2.22
MI Lab Wing,"Aug 18 2025, 13:00:00",50.12,4.77,47.70,142.88,1428.80,0.11,4073960.00,243.38,7.25,-1.00,1.75
MI Lab Wing,"Aug 18 2025, 12:00:00",50.04,3.44,34.40,141.55,1415.50,0.11,4072630.00,243.96,4.03,0.96,0.94
MI Lab Wing,"Aug 18 2025, 11:00:00",49.97,2.51,25.10,140.62,1406.20,0.11,4071700.00,241.09,3.96,0.96,0.91
MI Lab Wing,"Aug 18 2025, 10:00:00",50.04,1.65,16.50,139.76,1397.60,0.10,4070840.00,242.61,2.50,0.99,0.60
MI Lab Wing,"Aug 18 2025, 09:00:00",50.08,1.11,11.10,139.22,1392.20,0.10,4070300.00,243.46,1.85,0.97,0.44
MI Lab Wing,"Aug 18 2025, 08:00:00",49.99,0.73,7.30,138.84,1388.40,0.10,4069920.00,239.57,1.34,0.99,0.32
MI Lab Wing,"Aug 18 2025, 07:00:00",50.00,0.67,6.70,138.78,1387.80,0.10,4069860.00,240.98,0.23,-1.00,0.05
MI Lab Wing,"Aug 18 2025, 06:00:00",50.00,0.63,6.30,138.74,1387.40,0.10,4069820.00,242.06,0.23,-1.00,0.06
MI Lab Wing,"Aug 18 2025, 05:00:00",50.06,0.58,5.80,138.69,1386.90,0.10,4069770.00,245.89,0.22,-1.00,0.05
MI Lab Wing,"Aug 18 2025, 04:00:00",49.93,0.52,5.20,138.63,1386.30,0.10,4069710.00,246.70,0.22,-1.00,0.06
MI Lab Wing,"Aug 18 2025, 03:00:00",49.97,0.46,4.60,138.57,1385.70,0.10,4069650.00,248.18,0.23,-1.00,0.06
MI Lab Wing,"Aug 18 2025, 02:00:00",50.01,0.41,4.10,138.52,1385.20,0.10,4069600.00,247.21,0.22,-1.00,0.06
MI Lab Wing,"Aug 18 2025, 01:00:00",50.01,0.35,3.50,138.46,1384.60,0.10,4069540.00,246.54,0.23,-1.00,0.06
MI Lab Wing,"Aug 18 2025, 00:00:00",49.98,0.30,3.00,138.41,1384.10,0.10,4069490.00,245.41,0.23,-1.00,0.06
MI Lab Wing,"Aug 17 2025, 23:00:00",50.04,1.42,14.20,138.35,1383.50,0.10,4069430.00,244.75,0.23,-1.00,0.06
MI Lab Wing,"Aug 17 2025, 22:00:00",50.07,1.37,13.70,138.30,1383.00,0.10,4069380.00,243.26,0.23,-1.00,0.06
MI Lab Wing,"Aug 17 2025, 21:00:00",50.02,1.31,13.10,138.24,1382.40,0.10,4069320.00,242.40,0.23,-1.00,0.06
MI Lab Wing,"Aug 17 2025, 20:00:00",49.99,1.25,12.50,138.18,1381.80,0.10,4069260.00,242.21,0.23,-1.00,0.06
MI Lab Wing,"Aug 17 2025, 19:00:00",49.92,1.20,12.00,138.13,1381.30,0.10,4069210.00,243.63,0.23,-1.00,0.06
MI Lab Wing,"Aug 17 2025, 18:00:00",50.03,1.18,11.80,138.11,1381.10,0.10,4069190.00,242.26,0.00,1.00,0.00
MI Lab Wing,"Aug 17 2025, 17:00:00",50.02,1.18,11.80,138.11,1381.10,0.10,4069190.00,245.49,0.00,1.00,0.00
MI Lab Wing,"Aug 17 2025, 16:00:00",50.05,1.18,11.80,138.11,1381.10,0.10,4069190.00,242.68,0.00,1.00,0.00
MI Lab Wing,"Aug 17 2025, 15:00:00",49.98,1.18,11.80,138.11,1381.10,0.10,4069190.00,242.36,0.00,1.00,0.00
MI Lab Wing,"Aug 17 2025, 14:00:00",49.99,1.18,11.80,138.11,1381.10,0.10,4069190.00,241.78,0.00,1.00,0.00
MI Lab Wing,"Aug 17 2025, 13:00:00",50.07,1.18,11.80,138.11,1381.10,0.10,4069190.00,245.22,0.00,1.00,0.00
MI Lab Wing,"Aug 17 2025, 12:00:00",50.00,1.18,11.80,138.11,1381.10,0.10,4069190.00,241.93,0.00,1.00,0.00
MI Lab Wing,"Aug 17 2025, 11:00:00",50.00,1.18,11.80,138.11,1381.10,0.10,4069190.00,242.69,0.00,1.00,0.00
MI Lab Wing,"Aug 17 2025, 10:00:00",50.02,1.18,11.80,138.11,1381.10,0.10,4069190.00,241.87,0.00,1.00,0.00
MI Lab Wing,"Aug 17 2025, 09:00:00",50.07,1.18,11.80,138.11,1381.10,0.10,4069190.00,241.46,0.00,1.00,0.00
MI Lab Wing,"Aug 17 2025, 08:00:00",50.06,1.18,11.80,138.11,1381.10,0.10,4069190.00,240.53,0.00,1.00,0.00
MI Lab Wing,"Aug 17 2025, 07:00:00",49.99,1.18,11.80,138.11,1381.10,0.10,4069190.00,238.99,0.00,1.00,0.00
MI Lab Wing,"Aug 17 2025, 06:00:00",50.07,1.18,11.80,138.11,1381.10,0.10,4069190.00,240.50,0.00,1.00,0.00
MI Lab Wing,"Aug 17 2025, 05:00:00",50.05,1.18,11.80,138.11,1381.10,0.10,4069190.00,246.00,0.00,1.00,0.00
MI Lab Wing,"Aug 17 2025, 04:00:00",50.05,1.18,11.80,138.11,1381.10,0.10,4069190.00,244.93,0.00,1.00,0.00
MI Lab Wing,"Aug 17 2025, 03:00:00",50.00,1.18,11.80,138.11,1381.10,0.10,4069190.00,245.77,0.00,1.00,0.00
MI Lab Wing,"Aug 17 2025, 02:00:00",50.03,1.18,11.80,138.11,1381.10,0.10,4069190.00,244.32,0.00,1.00,0.00
MI Lab Wing,"Aug 17 2025, 01:00:00",49.98,1.18,11.80,138.11,1381.10,0.10,4069190.00,244.87,0.00,1.00,0.00
MI Lab Wing,"Aug 17 2025, 00:00:00",49.98,1.18,11.80,138.11,1381.10,0.10,4069190.00,243.89,0.00,1.00,0.00
MI Lab Wing,"Aug 16 2025, 23:00:00",50.03,4.22,42.20,138.11,1381.10,0.10,4069190.00,244.15,0.00,1.00,0.00
MI Lab Wing,"Aug 16 2025, 22:00:00",50.03,4.22,42.20,138.11,1381.10,0.10,4069190.00,241.71,0.00,1.00,0.00
MI Lab Wing,"Aug 16 2025, 21:00:00",50.01,4.22,42.20,138.11,1381.10,0.10,4069190.00,241.80,0.00,1.00,0.00
MI Lab Wing,"Aug 16 2025, 19:00:00",50.00,4.22,42.20,138.11,1381.10,0.10,4069190.00,243.14,0.00,1.00,0.00
MI Lab Wing,"Aug 16 2025, 18:00:00",50.14,4.22,42.20,138.11,1381.10,0.10,4069190.00,241.95,0.00,1.00,0.00
MI Lab Wing,"Aug 16 2025, 17:00:00",50.01,4.22,42.20,138.11,1381.10,0.10,4069190.00,238.69,0.00,1.00,0.00
MI Lab Wing,"Aug 16 2025, 16:00:00",49.99,4.22,42.20,138.11,1381.10,0.10,4069190.00,239.47,0.00,1.00,0.00
MI Lab Wing,"Aug 16 2025, 15:00:00",50.00,4.22,42.20,138.11,1381.10,0.10,4069190.00,239.12,0.00,1.00,0.00
MI Lab Wing,"Aug 16 2025, 14:00:00",49.98,4.22,42.20,138.11,1381.10,0.10,4069190.00,239.61,0.00,1.00,0.00
MI Lab Wing,"Aug 16 2025, 13:00:00",49.99,4.22,42.20,138.11,1381.10,0.10,4069190.00,240.08,0.00,1.00,0.00
MI Lab Wing,"Aug 16 2025, 11:00:00",50.00,4.22,42.20,138.11,1381.10,0.10,4069190.00,239.84,0.00,1.00,0.00
MI Lab Wing,"Aug 16 2025, 10:00:00",49.92,4.19,41.90,138.08,1380.80,0.10,4069160.00,240.74,0.58,0.92,0.13
MI Lab Wing,"Aug 16 2025, 09:00:00",49.93,4.06,40.60,137.95,1379.50,0.10,4069030.00,243.06,0.58,0.92,0.13
MI Lab Wing,"Aug 16 2025, 08:00:00",50.01,3.94,39.40,137.83,1378.30,0.10,4068910.00,240.44,0.58,0.92,0.13
MI Lab Wing,"Aug 16 2025, 07:00:00",49.95,3.81,38.10,137.70,1377.00,0.10,4068780.00,239.40,0.58,0.92,0.13
MI Lab Wing,"Aug 16 2025, 06:00:00",50.04,3.68,36.80,137.57,1375.70,0.10,4068650.00,241.31,0.58,0.92,0.13
MI Lab Wing,"Aug 16 2025, 05:00:00",50.06,3.55,35.50,137.44,1374.40,0.10,4068520.00,243.32,0.58,0.92,0.13
MI Lab Wing,"Aug 16 2025, 04:00:00",50.04,3.42,34.20,137.31,1373.10,0.10,4068390.00,244.60,0.58,0.91,0.13
MI Lab Wing,"Aug 16 2025, 03:00:00",50.05,3.29,32.90,137.18,1371.80,0.10,4068260.00,244.95,0.58,0.92,0.13
MI Lab Wing,"Aug 16 2025, 02:00:00",50.06,3.17,31.70,137.06,1370.60,0.10,4068140.00,244.09,0.58,0.91,0.13
MI Lab Wing,"Aug 16 2025, 01:00:00",50.03,3.04,30.40,136.93,1369.30,0.10,4068010.00,245.21,0.57,0.91,0.13
MI Lab Wing,"Aug 16 2025, 00:00:00",50.04,2.91,29.10,136.80,1368.00,0.10,4067880.00,243.37,0.58,0.92,0.13
MI Lab Wing,"Aug 15 2025, 23:00:00",49.98,12.79,127.90,136.67,1366.70,0.10,4067750.00,243.04,0.58,0.91,0.13
MI Lab Wing,"Aug 15 2025, 22:00:00",50.03,12.66,126.60,136.54,1365.40,0.10,4067620.00,240.81,0.58,0.92,0.13
MI Lab Wing,"Aug 15 2025, 21:00:00",49.92,12.53,125.30,136.41,1364.10,0.10,4067490.00,241.03,0.58,0.92,0.13
MI Lab Wing,"Aug 15 2025, 20:00:00",50.03,12.41,124.10,136.29,1362.90,0.10,4067370.00,241.62,0.58,0.92,0.13
MI Lab Wing,"Aug 15 2025, 19:00:00",50.05,12.28,122.80,136.16,1361.60,0.10,4067240.00,240.30,0.58,0.92,0.13
MI Lab Wing,"Aug 15 2025, 18:00:00",50.05,12.15,121.50,136.03,1360.30,0.10,4067110.00,243.38,0.59,0.92,0.13
MI Lab Wing,"Aug 15 2025, 16:00:00",49.80,11.92,119.20,135.80,1358.00,0.10,4066880.00,239.53,0.58,0.92,0.13
MI Lab Wing,"Aug 15 2025, 15:00:00",49.98,11.79,117.90,135.67,1356.70,0.10,4066750.00,241.28,0.58,0.92,0.13
MI Lab Wing,"Aug 15 2025, 14:00:00",50.04,11.67,116.70,135.55,1355.50,0.10,4066630.00,245.11,0.58,0.91,0.13
MI Lab Wing,"Aug 15 2025, 13:00:00",50.07,11.54,115.40,135.42,1354.20,0.10,4066500.00,243.61,0.58,0.92,0.13
MI Lab Wing,"Aug 15 2025, 12:00:00",49.98,11.41,114.10,135.29,1352.90,0.10,4066370.00,246.68,0.58,0.91,0.13
MI Lab Wing,"Aug 15 2025, 11:00:00",50.02,11.28,112.80,135.16,1351.60,0.10,4066240.00,245.43,0.58,0.92,0.13
MI Lab Wing,"Aug 15 2025, 10:00:00",50.02,11.16,111.60,135.04,1350.40,0.10,4066120.00,239.78,0.58,0.92,0.13
MI Lab Wing,"Aug 15 2025, 09:00:00",50.08,11.03,110.30,134.91,1349.10,0.10,4065990.00,239.72,0.58,0.92,0.13
MI Lab Wing,"Aug 15 2025, 08:00:00",50.07,10.91,109.10,134.79,1347.90,0.10,4065870.00,241.15,0.58,0.92,0.13
MI Lab Wing,"Aug 15 2025, 07:00:00",50.10,10.78,107.80,134.66,1346.60,0.10,4065740.00,239.73,0.58,0.92,0.13
MI Lab Wing,"Aug 15 2025, 06:00:00",49.98,10.65,106.50,134.53,1345.30,0.10,4065610.00,239.17,0.58,0.92,0.13
MI Lab Wing,"Aug 15 2025, 05:00:00",49.99,10.53,105.30,134.41,1344.10,0.10,4065490.00,240.47,0.58,0.92,0.13
MI Lab Wing,"Aug 15 2025, 04:00:00",50.05,10.40,104.00,134.28,1342.80,0.10,4065360.00,241.36,0.58,0.92,0.13
MI Lab Wing,"Aug 15 2025, 03:00:00",50.05,10.27,102.70,134.15,1341.50,0.10,4065230.00,243.82,0.58,0.91,0.13
MI Lab Wing,"Aug 15 2025, 02:00:00",50.01,10.14,101.40,134.02,1340.20,0.10,4065100.00,242.54,0.58,0.92,0.13
MI Lab Wing,"Aug 15 2025, 01:00:00",49.93,10.01,100.10,133.89,1338.90,0.10,4064970.00,243.53,0.58,0.91,0.13
MI Lab Wing,"Aug 15 2025, 00:00:00",49.97,9.89,98.90,133.77,1337.70,0.10,4064850.00,240.98,0.57,0.92,0.13
MI Lab Wing,"Aug 14 2025, 23:00:00",50.00,19.88,198.80,133.64,1336.40,0.10,4064720.00,243.28,0.58,0.92,0.13
MI Lab Wing,"Aug 14 2025, 22:00:00",50.06,19.75,197.50,133.51,1335.10,0.10,4064590.00,240.39,0.57,0.92,0.13
MI Lab Wing,"Aug 14 2025, 21:00:00",50.01,19.62,196.20,133.38,1333.80,0.10,4064460.00,240.97,0.58,0.92,0.13
MI Lab Wing,"Aug 14 2025, 20:00:00",50.02,19.50,195.00,133.26,1332.60,0.10,4064340.00,244.09,0.58,0.91,0.13
MI Lab Wing,"Aug 14 2025, 19:00:00",49.78,19.37,193.70,133.13,1331.30,0.10,4064210.00,239.52,0.58,0.92,0.13
MI Lab Wing,"Aug 14 2025, 18:00:00",49.99,19.24,192.40,133.00,1330.00,0.10,4064080.00,242.58,0.58,0.92,0.13
MI Lab Wing,"Aug 14 2025, 17:00:00",49.88,19.11,191.10,132.87,1328.70,0.10,4063950.00,243.06,0.57,0.92,0.13
MI Lab Wing,"Aug 14 2025, 16:00:00",50.06,18.85,188.50,132.61,1326.10,0.10,4063690.00,243.55,1.75,1.00,0.43
MI Lab Wing,"Aug 14 2025, 15:00:00",50.03,18.16,181.60,131.92,1319.20,0.10,4063000.00,241.18,3.03,0.96,0.70
MI Lab Wing,"Aug 14 2025, 14:00:00",49.99,17.41,174.10,131.17,1311.70,0.10,4062250.00,240.53,4.10,0.96,0.95
MI Lab Wing,"Aug 14 2025, 13:00:00",50.11,16.47,164.70,130.23,1302.30,0.10,4061310.00,244.36,3.49,0.93,0.79
MI Lab Wing,"Aug 14 2025, 12:00:00",50.10,15.72,157.20,129.48,1294.80,0.10,4060560.00,243.01,2.44,0.89,0.53
MI Lab Wing,"Aug 14 2025, 11:00:00",49.95,14.15,141.50,127.91,1279.10,0.10,4058990.00,238.38,7.92,1.00,1.87
MI Lab Wing,"Aug 14 2025, 10:00:00",50.03,12.22,122.20,125.98,1259.80,0.09,4057060.00,237.39,8.51,1.00,2.01
MI Lab Wing,"Aug 14 2025, 09:00:00",50.19,11.18,111.80,124.94,1249.40,0.09,4056020.00,243.40,3.70,0.94,0.84
MI Lab Wing,"Aug 14 2025, 08:00:00",50.03,10.80,108.00,124.56,1245.60,0.09,4055640.00,242.10,0.59,0.92,0.13
MI Lab Wing,"Aug 14 2025, 07:00:00",50.00,10.78,107.80,124.54,1245.40,0.09,4055620.00,242.07,0.00,1.00,0.00
MI Lab Wing,"Aug 14 2025, 05:00:00",50.05,10.64,106.40,124.40,1244.00,0.09,4055480.00,241.97,1.29,0.41,0.13
MI Lab Wing,"Aug 14 2025, 04:00:00",50.01,10.51,105.10,124.27,1242.70,0.09,4055350.00,243.11,1.31,0.41,0.13
MI Lab Wing,"Aug 14 2025, 03:00:00",49.98,10.38,103.80,124.14,1241.40,0.09,4055220.00,242.29,1.30,0.42,0.13
MI Lab Wing,"Aug 14 2025, 02:00:00",49.95,10.25,102.50,124.01,1240.10,0.09,4055090.00,242.04,1.30,0.42,0.13
MI Lab Wing,"Aug 14 2025, 01:00:00",50.03,10.12,101.20,123.88,1238.80,0.09,4054960.00,243.04,1.30,0.42,0.13
MI Lab Wing,"Aug 14 2025, 00:00:00",50.03,9.99,99.90,123.75,1237.50,0.09,4054830.00,245.22,1.31,0.43,0.14
MI Lab Wing,"Aug 13 2025, 23:00:00",50.02,21.08,210.80,123.62,1236.20,0.09,4054700.00,245.24,1.33,0.41,0.13
MI Lab Wing,"Aug 13 2025, 22:00:00",49.98,20.94,209.40,123.48,1234.80,0.09,4054560.00,242.52,1.30,0.41,0.13
MI Lab Wing,"Aug 13 2025, 21:00:00",50.02,20.76,207.60,123.30,1233.00,0.09,4054380.00,243.85,0.00,1.00,0.00
MI Lab Wing,"Aug 13 2025, 20:00:00",50.06,20.76,207.60,123.30,1233.00,0.09,4054380.00,244.19,0.00,1.00,0.00
MI Lab Wing,"Aug 13 2025, 19:00:00",50.05,20.76,207.60,123.30,1233.00,0.09,4054380.00,240.12,0.00,1.00,0.00
MI Lab Wing,"Aug 13 2025, 18:00:00",50.06,20.76,207.60,123.30,1233.00,0.09,4054380.00,242.76,0.00,1.00,0.00
MI Lab Wing,"Aug 13 2025, 17:00:00",50.07,20.76,207.60,123.30,1233.00,0.09,4054380.00,245.30,0.00,1.00,0.00
MI Lab Wing,"Aug 13 2025, 16:00:00",49.98,20.64,206.40,123.18,1231.80,0.09,4054260.00,244.29,1.39,0.96,0.32
MI Lab Wing,"Aug 13 2025, 15:00:00",49.93,19.96,199.60,122.50,1225.00,0.09,4053580.00,239.36,3.92,0.98,0.92
MI Lab Wing,"Aug 13 2025, 14:00:00",49.98,19.04,190.40,121.58,1215.80,0.09,4052660.00,241.46,3.94,0.98,0.93
MI Lab Wing,"Aug 13 2025, 12:00:00",50.02,17.34,173.40,119.88,1198.80,0.09,4050960.00,241.06,7.72,1.00,1.85
MI Lab Wing,"Aug 13 2025, 11:00:00",49.77,15.39,153.90,117.93,1179.30,0.09,4049010.00,242.14,8.47,1.00,2.04
MI Lab Wing,"Aug 13 2025, 10:00:00",50.07,13.31,133.10,115.85,1158.50,0.09,4046930.00,241.67,8.94,1.00,2.15
MI Lab Wing,"Aug 13 2025, 09:00:00",50.08,12.03,120.30,114.57,1145.70,0.09,4045650.00,243.33,3.69,0.97,0.87
MI Lab Wing,"Aug 13 2025, 08:00:00",49.94,11.29,112.90,113.83,1138.30,0.09,4044910.00,238.65,3.04,0.95,0.69
MI Lab Wing,"Aug 13 2025, 06:00:00",50.08,11.22,112.20,113.76,1137.60,0.09,4044840.00,244.59,0.00,1.00,0.00
MI Lab Wing,"Aug 13 2025, 05:00:00",50.07,11.22,112.20,113.76,1137.60,0.09,4044840.00,247.00,0.00,1.00,0.00
MI Lab Wing,"Aug 13 2025, 04:00:00",50.01,11.22,112.20,113.76,1137.60,0.09,4044840.00,247.59,0.00,1.00,0.00
MI Lab Wing,"Aug 13 2025, 03:00:00",50.04,11.22,112.20,113.76,1137.60,0.09,4044840.00,247.22,0.00,1.00,0.00
MI Lab Wing,"Aug 13 2025, 02:00:00",50.00,11.22,112.20,113.76,1137.60,0.09,4044840.00,246.19,0.00,1.00,0.00
MI Lab Wing,"Aug 13 2025, 01:00:00",50.06,11.22,112.20,113.76,1137.60,0.09,4044840.00,244.46,0.00,1.00,0.00
MI Lab Wing,"Aug 13 2025, 00:00:00",50.02,11.22,112.20,113.76,1137.60,0.09,4044840.00,242.50,0.00,1.00,0.00
MI Lab Wing,"Aug 12 2025, 23:00:00",49.91,23.93,239.30,113.76,1137.60,0.09,4044840.00,244.66,0.00,1.00,0.00
MI Lab Wing,"Aug 12 2025, 22:00:00",50.03,23.93,239.30,113.76,1137.60,0.09,4044840.00,243.61,0.00,1.00,0.00
MI Lab Wing,"Aug 12 2025, 21:00:00",50.04,23.93,239.30,113.76,1137.60,0.09,4044840.00,242.41,0.00,1.00,0.00
MI Lab Wing,"Aug 12 2025, 20:00:00",50.05,23.93,239.30,113.76,1137.60,0.09,4044840.00,243.98,0.00,1.00,0.00
MI Lab Wing,"Aug 12 2025, 19:00:00",50.01,23.93,239.30,113.76,1137.60,0.09,4044840.00,240.37,0.00,1.00,0.00
MI Lab Wing,"Aug 12 2025, 18:00:00",50.05,23.93,239.30,113.76,1137.60,0.09,4044840.00,240.89,0.00,1.00,0.00
MI Lab Wing,"Aug 12 2025, 17:00:00",50.06,23.74,237.40,113.57,1135.70,0.09,4044650.00,241.84,2.06,1.00,0.50
MI Lab Wing,"Aug 12 2025, 15:00:00",50.02,22.56,225.60,112.39,1123.90,0.08,4043470.00,243.30,3.03,0.95,0.70
MI Lab Wing,"Aug 12 2025, 14:00:00",49.95,21.05,210.50,110.88,1108.80,0.08,4041960.00,238.99,7.91,1.00,1.87
MI Lab Wing,"Aug 12 2025, 13:00:00",50.04,19.11,191.10,108.94,1089.40,0.08,4040020.00,243.89,8.58,1.00,2.08
MI Lab Wing,"Aug 12 2025, 12:00:00",49.99,17.55,175.50,107.38,1073.80,0.08,4038460.00,243.31,3.12,0.94,0.71
MI Lab Wing,"Aug 12 2025, 11:00:00",50.04,16.65,166.50,106.48,1064.80,0.08,4037560.00,242.92,3.35,0.97,0.78
MI Lab Wing,"Aug 12 2025, 10:00:00",50.05,15.87,158.70,105.70,1057.00,0.08,4036780.00,240.12,3.59,0.82,0.70
MI Lab Wing,"Aug 12 2025, 09:00:00",49.97,14.95,149.50,104.78,1047.80,0.08,4035860.00,242.10,4.05,0.87,0.85
MI Lab Wing,"Aug 12 2025, 08:00:00",50.03,14.18,141.80,104.01,1040.10,0.08,4035090.00,239.58,2.28,0.84,0.46
MI Lab Wing,"Aug 12 2025, 07:00:00",49.98,14.04,140.40,103.87,1038.70,0.08,4034950.00,240.71,0.52,0.89,0.11
MI Lab Wing,"Aug 12 2025, 06:00:00",50.03,13.92,139.20,103.75,1037.50,0.08,4034830.00,240.41,1.69,0.58,0.24
MI Lab Wing,"Aug 12 2025, 05:00:00",50.05,13.68,136.80,103.51,1035.10,0.08,4034590.00,243.84,1.73,0.57,0.24
MI Lab Wing,"Aug 12 2025, 04:00:00",50.08,13.44,134.40,103.27,1032.70,0.08,4034350.00,245.16,1.74,0.57,0.24
MI Lab Wing,"Aug 12 2025, 03:00:00",49.98,13.20,132.00,103.03,1030.30,0.08,4034110.00,245.21,1.75,0.57,0.24
MI Lab Wing,"Aug 12 2025, 02:00:00",49.96,12.96,129.60,102.79,1027.90,0.08,4033870.00,242.87,1.72,0.57,0.24
MI Lab Wing,"Aug 12 2025, 01:00:00",49.92,12.72,127.20,102.55,1025.50,0.08,4033630.00,244.27,1.74,0.57,0.24
MI Lab Wing,"Aug 12 2025, 00:00:00",50.06,12.48,124.80,102.31,1023.10,0.08,4033390.00,243.65,1.72,0.57,0.24
MI Lab Wing,"Aug 11 2025, 23:00:00",50.06,12.95,129.50,102.07,1020.70,0.08,4033150.00,244.82,1.74,0.57,0.24
MI Lab Wing,"Aug 11 2025, 22:00:00",50.09,12.71,127.10,101.83,1018.30,0.08,4032910.00,241.64,1.71,0.58,0.24
MI Lab Wing,"Aug 11 2025, 21:00:00",50.05,12.42,124.20,101.54,1015.40,0.08,4032620.00,241.70,3.06,0.71,0.52
MI Lab Wing,"Aug 11 2025, 20:00:00",50.07,11.89,118.90,101.01,1010.10,0.08,4032090.00,246.31,3.14,0.69,0.54
MI Lab Wing,"Aug 11 2025, 19:00:00",49.98,11.69,116.90,100.81,1008.10,0.08,4031890.00,244.07,0.52,0.88,0.11
MI Lab Wing,"Aug 11 2025, 18:00:00",50.05,11.58,115.80,100.70,1007.00,0.08,4031780.00,244.84,0.52,0.88,0.11
MI Lab Wing,"Aug 11 2025, 17:00:00",50.06,11.47,114.70,100.59,1005.90,0.08,4031670.00,245.48,0.52,0.88,0.11
MI Lab Wing,"Aug 11 2025, 16:00:00",50.06,11.32,113.20,100.44,1004.40,0.08,4031520.00,243.81,1.27,0.95,0.29
MI Lab Wing,"Aug 11 2025, 14:00:00",50.02,8.58,85.80,97.70,977.00,0.07,4028780.00,238.12,7.92,1.00,1.87
MI Lab Wing,"Aug 11 2025, 13:00:00",50.17,6.67,66.70,95.79,957.90,0.07,4026870.00,243.77,8.45,1.00,2.05
MI Lab Wing,"Aug 11 2025, 12:00:00",49.95,5.29,52.90,94.41,944.10,0.07,4025490.00,241.42,3.17,0.99,0.76
MI Lab Wing,"Aug 11 2025, 11:00:00",50.02,4.39,43.90,93.51,935.10,0.07,4024590.00,244.64,4.95,1.00,1.20
MI Lab Wing,"Aug 11 2025, 10:00:00",49.97,3.25,32.50,92.37,923.70,0.07,4023450.00,244.17,3.55,0.97,0.84
MI Lab Wing,"Aug 11 2025, 09:00:00",50.05,2.34,23.40,91.46,914.60,0.07,4022540.00,241.03,3.84,0.98,0.90
MI Lab Wing,"Aug 11 2025, 08:00:00",50.06,1.63,16.30,90.75,907.50,0.07,4021830.00,239.90,1.76,0.61,0.26
MI Lab Wing,"Aug 11 2025, 07:00:00",49.99,1.49,14.90,90.61,906.10,0.07,4021690.00,239.66,1.27,0.42,0.13
MI Lab Wing,"Aug 11 2025, 06:00:00",50.04,1.37,13.70,90.49,904.90,0.07,4021570.00,238.94,1.26,0.42,0.13
MI Lab Wing,"Aug 11 2025, 05:00:00",49.96,1.24,12.40,90.36,903.60,0.07,4021440.00,242.21,1.29,0.42,0.13
MI Lab Wing,"Aug 11 2025, 04:00:00",49.94,1.11,11.10,90.23,902.30,0.07,4021310.00,244.83,1.33,0.41,0.13
MI Lab Wing,"Aug 11 2025, 03:00:00",49.91,0.97,9.70,90.09,900.90,0.07,4021170.00,243.66,1.31,0.41,0.13
MI Lab Wing,"Aug 11 2025, 02:00:00",49.99,0.84,8.40,89.96,899.60,0.07,4021040.00,242.92,1.30,0.41,0.13
MI Lab Wing,"Aug 11 2025, 01:00:00",49.96,0.71,7.10,89.83,898.30,0.07,4020910.00,244.73,1.33,0.41,0.13
MI Lab Wing,"Aug 11 2025, 00:00:00",50.02,0.58,5.80,89.70,897.00,0.07,4020780.00,244.38,1.32,0.41,0.13
MI Lab Wing,"Aug 10 2025, 23:00:00",49.97,4.62,46.20,89.57,895.70,0.07,4020650.00,243.44,1.31,0.41,0.13
MI Lab Wing,"Aug 10 2025, 22:00:00",50.02,4.49,44.90,89.44,894.40,0.07,4020520.00,241.14,1.28,0.41,0.13
MI Lab Wing,"Aug 10 2025, 21:00:00",50.01,4.43,44.30,89.38,893.80,0.07,4020460.00,240.56,0.00,1.00,0.00
MI Lab Wing,"Aug 10 2025, 20:00:00",50.03,4.43,44.30,89.38,893.80,0.07,4020460.00,241.56,0.00,1.00,0.00
MI Lab Wing,"Aug 10 2025, 19:00:00",49.94,4.43,44.30,89.38,893.80,0.07,4020460.00,242.32,0.00,1.00,0.00
MI Lab Wing,"Aug 10 2025, 18:00:00",50.04,4.43,44.30,89.38,893.80,0.07,4020460.00,243.01,0.00,1.00,0.00
MI Lab Wing,"Aug 10 2025, 17:00:00",50.03,4.43,44.30,89.38,893.80,0.07,4020460.00,244.68,0.00,1.00,0.00
MI Lab Wing,"Aug 10 2025, 16:00:00",49.98,4.43,44.30,89.38,893.80,0.07,4020460.00,245.31,0.00,1.00,0.00
MI Lab Wing,"Aug 10 2025, 15:00:00",49.98,4.37,43.70,89.32,893.20,0.07,4020400.00,242.03,0.63,0.81,0.12
MI Lab Wing,"Aug 10 2025, 14:00:00",50.02,4.25,42.50,89.20,892.00,0.07,4020280.00,242.09,0.63,0.81,0.12
MI Lab Wing,"Aug 10 2025, 13:00:00",50.05,4.17,41.70,89.12,891.20,0.07,4020200.00,243.14,0.00,1.00,0.00
MI Lab Wing,"Aug 10 2025, 12:00:00",50.02,4.17,41.70,89.12,891.20,0.07,4020200.00,241.94,0.00,1.00,0.00
MI Lab Wing,"Aug 10 2025, 11:00:00",50.02,4.17,41.70,89.12,891.20,0.07,4020200.00,242.79,0.00,1.00,0.00
MI Lab Wing,"Aug 10 2025, 10:00:00",50.00,4.17,41.70,89.12,891.20,0.07,4020200.00,241.72,0.00,1.00,0.00
MI Lab Wing,"Aug 10 2025, 09:00:00",50.09,4.17,41.70,89.12,891.20,0.07,4020200.00,240.13,0.00,1.00,0.00
MI Lab Wing,"Aug 10 2025, 08:00:00",50.03,4.17,41.70,89.12,891.20,0.07,4020200.00,242.73,0.00,1.00,0.00
MI Lab Wing,"Aug 10 2025, 07:00:00",50.04,4.17,41.70,89.12,891.20,0.07,4020200.00,239.42,0.00,1.00,0.00
MI Lab Wing,"Aug 10 2025, 05:00:00",50.02,4.17,41.70,89.12,891.20,0.07,4020200.00,243.89,0.00,1.00,0.00
MI Lab Wing,"Aug 10 2025, 02:00:00",49.97,4.17,41.70,89.12,891.20,0.07,4020200.00,244.01,0.00,1.00,0.00
MI Lab Wing,"Aug 10 2025, 01:00:00",49.97,4.17,41.70,89.12,891.20,0.07,4020200.00,245.42,0.00,1.00,0.00
MI Lab Wing,"Aug 10 2025, 00:00:00",50.02,4.17,41.70,89.12,891.20,0.07,4020200.00,244.86,0.00,1.00,0.00
MI Lab Wing,"Aug 09 2025, 23:00:00",49.98,4.42,44.20,89.12,891.20,0.07,4020200.00,243.68,0.00,1.00,0.00
MI Lab Wing,"Aug 09 2025, 19:00:00",50.03,4.42,44.20,89.12,891.20,0.07,4020200.00,241.87,0.00,1.00,0.00
MI Lab Wing,"Aug 09 2025, 17:00:00",50.05,4.30,43.00,89.00,890.00,0.07,4020080.00,244.17,1.38,-1.00,0.33
MI Lab Wing,"Aug 09 2025, 16:00:00",50.02,3.97,39.70,88.67,886.70,0.07,4019750.00,242.96,1.38,-1.00,0.33
MI Lab Wing,"Aug 09 2025, 14:00:00",50.14,3.62,36.20,88.32,883.20,0.07,4019400.00,240.85,0.59,-1.00,0.14
MI Lab Wing,"Aug 09 2025, 13:00:00",50.20,3.37,33.70,88.07,880.70,0.07,4019150.00,244.37,1.76,0.99,0.43
MI Lab Wing,"Aug 09 2025, 12:00:00",50.10,2.91,29.10,87.61,876.10,0.07,4018690.00,240.93,2.29,0.97,0.52
MI Lab Wing,"Aug 09 2025, 11:00:00",49.99,2.41,24.10,87.11,871.10,0.07,4018190.00,243.42,1.43,0.90,0.31
MI Lab Wing,"Aug 09 2025, 10:00:00",50.15,1.93,19.30,86.63,866.30,0.06,4017710.00,238.95,2.12,0.96,0.49
MI Lab Wing,"Aug 09 2025, 09:00:00",50.09,1.59,15.90,86.29,862.90,0.06,4017370.00,241.97,0.58,0.85,0.12
MI Lab Wing,"Aug 09 2025, 08:00:00",50.04,1.52,15.20,86.22,862.20,0.06,4017300.00,240.89,0.00,1.00,0.00
MI Lab Wing,"Aug 09 2025, 07:00:00",50.01,1.52,15.20,86.22,862.20,0.06,4017300.00,241.95,0.00,1.00,0.00
MI Lab Wing,"Aug 09 2025, 05:00:00",50.07,1.29,12.90,85.99,859.90,0.06,4017070.00,243.73,1.76,0.60,0.26
MI Lab Wing,"Aug 09 2025, 03:00:00",50.02,0.77,7.70,85.47,854.70,0.06,4016550.00,243.60,1.77,0.60,0.26
MI Lab Wing,"Aug 09 2025, 02:00:00",49.97,0.51,5.10,85.21,852.10,0.06,4016290.00,244.60,1.78,0.60,0.26
MI Lab Wing,"Aug 09 2025, 01:00:00",49.96,0.26,2.60,84.96,849.60,0.06,4016040.00,244.54,1.77,0.60,0.26
MI Lab Wing,"Aug 08 2025, 23:00:00",50.03,22.63,226.30,84.44,844.40,0.06,4015520.00,243.41,0.85,0.96,0.20
MI Lab Wing,"Aug 08 2025, 22:00:00",50.05,22.43,224.30,84.24,842.40,0.06,4015320.00,241.92,0.85,0.96,0.20
MI Lab Wing,"Aug 08 2025, 21:00:00",50.05,22.24,222.40,84.05,840.50,0.06,4015130.00,241.24,0.85,0.96,0.20
MI Lab Wing,"Aug 08 2025, 20:00:00",50.06,22.04,220.40,83.85,838.50,0.06,4014930.00,243.74,0.86,0.96,0.20
MI Lab Wing,"Aug 08 2025, 19:00:00",50.07,21.84,218.40,83.65,836.50,0.06,4014730.00,243.33,0.85,0.96,0.20
MI Lab Wing,"Aug 08 2025, 17:00:00",49.88,21.39,213.90,83.20,832.00,0.06,4014280.00,241.89,1.74,0.99,0.41
MI Lab Wing,"Aug 08 2025, 16:00:00",50.01,20.69,206.90,82.50,825.00,0.06,4013580.00,240.28,4.82,0.98,1.13
MI Lab Wing,"Aug 08 2025, 15:00:00",50.04,19.56,195.60,81.37,813.70,0.06,4012450.00,244.08,4.77,0.98,1.13
MI Lab Wing,"Aug 08 2025, 14:00:00",50.05,18.67,186.70,80.48,804.80,0.06,4011560.00,242.49,3.03,0.91,0.67
MI Lab Wing,"Aug 08 2025, 13:00:00",50.07,18.06,180.60,79.87,798.70,0.06,4010950.00,246.51,1.93,0.88,0.42
MI Lab Wing,"Aug 08 2025, 12:00:00",50.04,17.60,176.00,79.41,794.10,0.06,4010490.00,243.22,1.69,0.85,0.35
MI Lab Wing,"Aug 08 2025, 11:00:00",50.14,17.25,172.50,79.06,790.60,0.06,4010140.00,243.89,1.68,0.84,0.35
MI Lab Wing,"Aug 08 2025, 10:00:00",49.98,16.77,167.70,78.58,785.80,0.06,4009660.00,242.81,2.64,0.95,0.61
MI Lab Wing,"Aug 08 2025, 09:00:00",50.03,16.09,160.90,77.90,779.00,0.06,4008980.00,241.34,2.64,0.91,0.58
MI Lab Wing,"Aug 08 2025, 08:00:00",49.97,15.29,152.90,77.10,771.00,0.06,4008180.00,241.06,2.90,0.88,0.62
MI Lab Wing,"Aug 08 2025, 07:00:00",50.01,15.03,150.30,76.84,768.40,0.06,4007920.00,238.37,2.24,0.68,0.36
MI Lab Wing,"Aug 08 2025, 06:00:00",50.03,14.66,146.60,76.47,764.70,0.06,4007550.00,240.21,2.26,0.68,0.37
MI Lab Wing,"Aug 08 2025, 05:00:00",50.05,14.29,142.90,76.10,761.00,0.06,4007180.00,242.17,2.28,0.67,0.37
MI Lab Wing,"Aug 08 2025, 04:00:00",50.02,13.92,139.20,75.73,757.30,0.06,4006810.00,243.09,2.29,0.67,0.37
MI Lab Wing,"Aug 08 2025, 03:00:00",49.96,13.54,135.40,75.35,753.50,0.06,4006430.00,244.26,2.30,0.67,0.38
MI Lab Wing,"Aug 08 2025, 02:00:00",50.04,13.17,131.70,74.98,749.80,0.06,4006060.00,243.38,2.29,0.67,0.37
MI Lab Wing,"Aug 08 2025, 01:00:00",49.98,12.80,128.00,74.61,746.10,0.06,4005690.00,242.80,2.29,0.67,0.37
MI Lab Wing,"Aug 08 2025, 00:00:00",50.08,12.43,124.30,74.24,742.40,0.06,4005320.00,244.11,2.30,0.67,0.38
MI Lab Wing,"Aug 07 2025, 21:00:00",50.05,22.91,229.10,73.00,730.00,0.05,4004080.00,240.29,2.26,0.68,0.37
MI Lab Wing,"Aug 07 2025, 19:00:00",50.08,22.18,221.80,72.27,722.70,0.05,4003350.00,241.91,2.26,0.68,0.37
MI Lab Wing,"Aug 07 2025, 18:00:00",50.13,21.90,219.00,71.99,719.90,0.05,4003070.00,242.76,1.14,0.89,0.24
MI Lab Wing,"Aug 07 2025, 17:00:00",50.03,21.66,216.60,71.75,717.50,0.05,4002830.00,243.70,1.14,0.89,0.25
MI Lab Wing,"Aug 07 2025, 16:00:00",50.06,21.34,213.40,71.43,714.30,0.05,4002510.00,243.94,1.23,0.99,0.30
MI Lab Wing,"Aug 07 2025, 15:00:00",50.08,20.74,207.40,70.83,708.30,0.05,4001910.00,241.90,2.99,0.96,0.69
MI Lab Wing,"Aug 07 2025, 14:00:00",50.09,20.14,201.40,70.23,702.30,0.05,4001310.00,238.88,4.37,0.97,1.01
MI Lab Wing,"Aug 07 2025, 13:00:00",50.02,19.11,191.10,69.20,692.00,0.05,4000280.00,242.85,4.21,0.96,0.98
MI Lab Wing,"Aug 07 2025, 12:00:00",50.01,18.28,182.80,68.37,683.70,0.05,3999450.00,242.91,3.32,0.96,0.77
MI Lab Wing,"Aug 07 2025, 11:00:00",49.92,16.89,168.90,66.98,669.80,0.05,3998060.00,238.06,7.48,-1.00,1.76
MI Lab Wing,"Aug 07 2025, 10:00:00",50.04,15.13,151.30,65.22,652.20,0.05,3996300.00,238.72,7.47,-1.00,1.77
MI Lab Wing,"Aug 07 2025, 08:00:00",50.06,13.38,133.80,63.47,634.70,0.05,3994550.00,238.90,3.09,0.96,0.71
MI Lab Wing,"Aug 07 2025, 06:00:00",50.06,13.01,130.10,63.10,631.00,0.05,3994180.00,241.15,1.74,0.61,0.25
MI Lab Wing,"Aug 07 2025, 05:00:00",50.01,12.75,127.50,62.84,628.40,0.05,3993920.00,241.86,1.75,0.60,0.25
MI Lab Wing,"Aug 07 2025, 04:00:00",50.05,12.50,125.00,62.59,625.90,0.05,3993670.00,243.51,1.76,0.60,0.26
MI Lab Wing,"Aug 07 2025, 03:00:00",50.03,12.24,122.40,62.33,623.30,0.05,3993410.00,244.66,1.78,0.60,0.26
MI Lab Wing,"Aug 07 2025, 02:00:00",50.01,11.98,119.80,62.07,620.70,0.05,3993150.00,242.86,1.76,0.60,0.26
MI Lab Wing,"Aug 07 2025, 01:00:00",50.02,11.72,117.20,61.81,618.10,0.05,3992890.00,244.66,1.77,0.60,0.26
MI Lab Wing,"Aug 07 2025, 00:00:00",50.02,11.47,114.70,61.56,615.60,0.05,3992640.00,243.09,1.76,0.60,0.26
MI Lab Wing,"Aug 06 2025, 23:00:00",50.03,19.39,193.90,61.28,612.80,0.05,3992360.00,244.61,2.87,0.68,0.47
MI Lab Wing,"Aug 06 2025, 22:00:00",50.05,18.95,189.50,60.84,608.40,0.05,3991920.00,240.83,0.58,0.92,0.13
MI Lab Wing,"Aug 06 2025, 21:00:00",50.05,18.82,188.20,60.71,607.10,0.05,3991790.00,240.81,0.58,0.92,0.13
MI Lab Wing,"Aug 06 2025, 20:00:00",50.03,18.69,186.90,60.58,605.80,0.05,3991660.00,243.63,0.58,0.92,0.13
MI Lab Wing,"Aug 06 2025, 19:00:00",50.05,18.56,185.60,60.45,604.50,0.05,3991530.00,240.40,0.58,0.92,0.13
MI Lab Wing,"Aug 06 2025, 18:00:00",50.05,18.44,184.40,60.33,603.30,0.05,3991410.00,244.49,0.58,0.92,0.13
MI Lab Wing,"Aug 06 2025, 17:00:00",50.07,18.22,182.20,60.11,601.10,0.05,3991190.00,240.07,2.32,0.91,0.51
MI Lab Wing,"Aug 06 2025, 16:00:00",50.07,17.72,177.20,59.61,596.10,0.04,3990690.00,243.49,2.55,0.93,0.57
MI Lab Wing,"Aug 06 2025, 15:00:00",49.98,17.02,170.20,58.91,589.10,0.04,3989990.00,244.01,3.62,0.95,0.83
MI Lab Wing,"Aug 06 2025, 14:00:00",50.02,16.21,162.10,58.10,581.00,0.04,3989180.00,242.54,3.61,0.95,0.83
MI Lab Wing,"Aug 06 2025, 13:00:00",50.11,15.31,153.10,57.20,572.00,0.04,3988280.00,244.03,4.47,0.97,1.05
MI Lab Wing,"Aug 06 2025, 12:00:00",50.03,14.33,143.30,56.22,562.20,0.04,3987300.00,240.12,8.02,1.00,1.91
MI Lab Wing,"Aug 06 2025, 11:00:00",49.97,12.31,123.10,54.20,542.00,0.04,3985280.00,238.51,9.37,1.00,2.22
MI Lab Wing,"Aug 06 2025, 10:00:00",49.92,10.37,103.70,52.26,522.60,0.04,3983340.00,236.46,8.70,1.00,2.04
MI Lab Wing,"Aug 06 2025, 08:00:00",50.00,8.99,89.90,50.88,508.80,0.04,3981960.00,242.46,0.58,0.92,0.13
MI Lab Wing,"Aug 06 2025, 05:00:00",50.06,8.65,86.50,50.54,505.40,0.04,3981620.00,244.08,0.52,0.88,0.11
MI Lab Wing,"Aug 06 2025, 04:00:00",50.04,8.54,85.40,50.43,504.30,0.04,3981510.00,244.58,0.52,0.88,0.11
MI Lab Wing,"Aug 06 2025, 03:00:00",50.02,8.43,84.30,50.32,503.20,0.04,3981400.00,245.52,0.52,0.88,0.11
MI Lab Wing,"Aug 06 2025, 02:00:00",49.97,8.32,83.20,50.21,502.10,0.04,3981290.00,245.64,0.52,0.88,0.11
MI Lab Wing,"Aug 06 2025, 01:00:00",50.01,8.21,82.10,50.10,501.00,0.04,3981180.00,245.31,0.51,0.88,0.11
MI Lab Wing,"Aug 06 2025, 00:00:00",50.08,8.10,81.00,49.99,499.90,0.04,3981070.00,245.18,0.52,0.88,0.11
MI Lab Wing,"Aug 05 2025, 23:00:00",50.01,18.58,185.80,49.87,498.70,0.04,3980950.00,242.90,0.52,0.89,0.11
MI Lab Wing,"Aug 05 2025, 22:00:00",50.01,18.47,184.70,49.76,497.60,0.04,3980840.00,241.61,0.52,0.89,0.11
MI Lab Wing,"Aug 05 2025, 21:00:00",49.93,18.36,183.60,49.65,496.50,0.04,3980730.00,240.96,0.52,0.89,0.11
MI Lab Wing,"Aug 05 2025, 20:00:00",49.92,18.25,182.50,49.54,495.40,0.04,3980620.00,244.10,0.51,0.88,0.11
MI Lab Wing,"Aug 05 2025, 18:00:00",50.17,18.03,180.30,49.32,493.20,0.04,3980400.00,244.99,0.52,0.88,0.11
MI Lab Wing,"Aug 05 2025, 15:00:00",49.94,17.08,170.80,48.37,483.70,0.04,3979450.00,240.93,1.31,0.91,0.29
MI Lab Wing,"Aug 05 2025, 14:00:00",50.05,16.47,164.70,47.76,477.60,0.04,3978840.00,243.24,1.68,0.84,0.34
MI Lab Wing,"Aug 05 2025, 13:00:00",50.18,16.04,160.40,47.33,473.30,0.04,3978410.00,243.87,2.51,0.94,0.58
MI Lab Wing,"Aug 05 2025, 12:00:00",49.98,15.07,150.70,46.36,463.60,0.03,3977440.00,240.05,2.68,0.96,0.62
MI Lab Wing,"Aug 05 2025, 11:00:00",50.00,14.45,144.50,45.74,457.40,0.03,3976820.00,242.85,2.29,0.94,0.52
MI Lab Wing,"Aug 05 2025, 10:00:00",49.97,13.88,138.80,45.17,451.70,0.03,3976250.00,240.83,3.02,0.96,0.70
MI Lab Wing,"Aug 05 2025, 09:00:00",50.13,13.09,130.90,44.38,443.80,0.03,3975460.00,239.96,3.04,0.96,0.70
MI Lab Wing,"Aug 05 2025, 08:00:00",50.10,12.42,124.20,43.71,437.10,0.03,3974790.00,238.93,1.34,1.00,0.32
MI Lab Wing,"Aug 05 2025, 07:00:00",50.05,12.26,122.60,43.55,435.50,0.03,3974630.00,241.55,1.78,0.63,0.27
MI Lab Wing,"Aug 05 2025, 06:00:00",50.07,11.99,119.90,43.28,432.80,0.03,3974360.00,241.80,1.78,0.63,0.27
MI Lab Wing,"Aug 05 2025, 05:00:00",50.04,11.72,117.20,43.01,430.10,0.03,3974090.00,243.55,1.81,0.63,0.27
MI Lab Wing,"Aug 05 2025, 04:00:00",50.08,11.44,114.40,42.73,427.30,0.03,3973810.00,244.69,1.82,0.62,0.28
MI Lab Wing,"Aug 05 2025, 03:00:00",50.02,11.16,111.60,42.45,424.50,0.03,3973530.00,243.92,1.81,0.62,0.28
MI Lab Wing,"Aug 05 2025, 02:00:00",50.01,10.89,108.90,42.18,421.80,0.03,3973260.00,245.71,1.83,0.62,0.28
MI Lab Wing,"Aug 05 2025, 01:00:00",50.00,10.61,106.10,41.90,419.00,0.03,3972980.00,245.28,1.82,0.62,0.28
MI Lab Wing,"Aug 05 2025, 00:00:00",50.02,10.33,103.30,41.62,416.20,0.03,3972700.00,244.92,1.82,0.62,0.28
MI Lab Wing,"Aug 04 2025, 22:00:00",50.07,12.66,126.60,41.00,410.00,0.03,3972080.00,242.42,2.69,0.72,0.47
MI Lab Wing,"Aug 04 2025, 21:00:00",50.04,12.26,122.60,40.60,406.00,0.03,3971680.00,241.40,0.65,0.94,0.15
MI Lab Wing,"Aug 04 2025, 20:00:00",50.03,12.11,121.10,40.45,404.50,0.03,3971530.00,243.86,0.65,0.94,0.15
MI Lab Wing,"Aug 04 2025, 19:00:00",50.05,11.96,119.60,40.30,403.00,0.03,3971380.00,243.74,0.65,0.94,0.15
MI Lab Wing,"Aug 04 2025, 18:00:00",50.05,11.82,118.20,40.16,401.60,0.03,3971240.00,244.89,0.65,0.93,0.15
MI Lab Wing,"Aug 04 2025, 17:00:00",50.04,11.60,116.00,39.94,399.40,0.03,3971020.00,241.78,1.66,0.98,0.39
MI Lab Wing,"Aug 04 2025, 16:00:00",50.06,11.20,112.00,39.54,395.40,0.03,3970620.00,245.23,1.67,0.98,0.40
MI Lab Wing,"Aug 04 2025, 15:00:00",50.04,10.48,104.80,38.82,388.20,0.03,3969900.00,244.58,3.96,0.99,0.95
MI Lab Wing,"Aug 04 2025, 14:00:00",50.05,8.94,89.40,37.28,372.80,0.03,3968360.00,238.75,8.04,1.00,1.90
MI Lab Wing,"Aug 04 2025, 13:00:00",50.07,7.02,70.20,35.36,353.60,0.03,3966440.00,242.44,8.09,1.00,1.94
MI Lab Wing,"Aug 04 2025, 12:00:00",49.98,5.71,57.10,34.05,340.50,0.03,3965130.00,243.49,2.63,0.91,0.58
MI Lab Wing,"Aug 04 2025, 11:00:00",50.05,5.13,51.30,33.47,334.70,0.03,3964550.00,241.28,2.61,0.91,0.57
MI Lab Wing,"Aug 04 2025, 10:00:00",50.07,4.56,45.60,32.90,329.00,0.02,3963980.00,244.37,2.63,0.91,0.58
MI Lab Wing,"Aug 04 2025, 09:00:00",50.12,3.94,39.40,32.28,322.80,0.02,3963360.00,240.90,3.03,0.96,0.70
MI Lab Wing,"Aug 04 2025, 08:00:00",50.11,3.45,34.50,31.79,317.90,0.02,3962870.00,243.22,0.58,0.91,0.13
MI Lab Wing,"Aug 04 2025, 07:00:00",50.03,3.39,33.90,31.73,317.30,0.02,3962810.00,242.18,0.30,-1.00,0.07
MI Lab Wing,"Aug 04 2025, 06:00:00",50.02,3.31,33.10,31.65,316.50,0.02,3962730.00,242.35,0.30,-1.00,0.07
MI Lab Wing,"Aug 04 2025, 05:00:00",50.03,3.24,32.40,31.58,315.80,0.02,3962660.00,242.14,0.30,-1.00,0.07
MI Lab Wing,"Aug 04 2025, 04:00:00",49.98,3.17,31.70,31.51,315.10,0.02,3962590.00,243.61,0.30,-1.00,0.07
MI Lab Wing,"Aug 04 2025, 03:00:00",49.92,3.10,31.00,31.44,314.40,0.02,3962520.00,245.58,0.30,-1.00,0.07
MI Lab Wing,"Aug 04 2025, 02:00:00",49.93,3.02,30.20,31.36,313.60,0.02,3962440.00,245.47,0.30,-1.00,0.07
MI Lab Wing,"Aug 04 2025, 01:00:00",49.97,2.95,29.50,31.29,312.90,0.02,3962370.00,245.71,0.29,-1.00,0.07
MI Lab Wing,"Aug 04 2025, 00:00:00",50.07,2.88,28.80,31.22,312.20,0.02,3962300.00,244.84,0.30,-1.00,0.07
MI Lab Wing,"Aug 03 2025, 23:00:00",50.04,6.02,60.20,31.14,311.40,0.02,3962220.00,242.15,0.30,-1.00,0.07
MI Lab Wing,"Aug 03 2025, 22:00:00",50.07,5.95,59.50,31.07,310.70,0.02,3962150.00,240.85,0.30,-1.00,0.07
MI Lab Wing,"Aug 03 2025, 21:00:00",49.95,5.88,58.80,31.00,310.00,0.02,3962080.00,240.22,0.30,-1.00,0.07
MI Lab Wing,"Aug 03 2025, 20:00:00",49.83,5.81,58.10,30.93,309.30,0.02,3962010.00,241.93,0.30,-1.00,0.07
MI Lab Wing,"Aug 03 2025, 19:00:00",50.02,5.73,57.30,30.85,308.50,0.02,3961930.00,243.32,0.30,-1.00,0.07
MI Lab Wing,"Aug 03 2025, 18:00:00",50.06,5.66,56.60,30.78,307.80,0.02,3961860.00,243.51,0.30,-1.00,0.07
MI Lab Wing,"Aug 03 2025, 17:00:00",50.02,5.59,55.90,30.71,307.10,0.02,3961790.00,244.11,0.30,-1.00,0.07
MI Lab Wing,"Aug 03 2025, 16:00:00",50.08,5.51,55.10,30.63,306.30,0.02,3961710.00,244.72,0.30,-1.00,0.07
MI Lab Wing,"Aug 03 2025, 15:00:00",50.17,5.44,54.40,30.56,305.60,0.02,3961640.00,242.44,0.30,-1.00,0.07
MI Lab Wing,"Aug 03 2025, 14:00:00",50.04,5.38,53.80,30.50,305.00,0.02,3961580.00,244.92,0.23,-1.00,0.06
MI Lab Wing,"Aug 03 2025, 13:00:00",50.11,5.32,53.20,30.44,304.40,0.02,3961520.00,244.46,0.23,-1.00,0.06
MI Lab Wing,"Aug 03 2025, 12:00:00",50.02,5.21,52.10,30.33,303.30,0.02,3961410.00,241.19,1.37,0.55,0.18
MI Lab Wing,"Aug 03 2025, 11:00:00",49.97,5.03,50.30,30.15,301.50,0.02,3961230.00,241.89,1.38,0.55,0.18
MI Lab Wing,"Aug 03 2025, 10:00:00",49.99,4.85,48.50,29.97,299.70,0.02,3961050.00,243.53,1.39,0.55,0.18
MI Lab Wing,"Aug 03 2025, 09:00:00",50.07,4.67,46.70,29.79,297.90,0.02,3960870.00,241.54,1.37,0.55,0.18
MI Lab Wing,"Aug 03 2025, 08:00:00",49.99,4.48,44.80,29.60,296.00,0.02,3960680.00,241.63,1.38,0.55,0.18
MI Lab Wing,"Aug 03 2025, 07:00:00",49.96,4.32,43.20,29.44,294.40,0.02,3960520.00,241.04,1.37,0.55,0.18
MI Lab Wing,"Aug 03 2025, 06:00:00",50.03,4.14,41.40,29.26,292.60,0.02,3960340.00,243.30,1.39,0.54,0.18
MI Lab Wing,"Aug 03 2025, 05:00:00",50.04,3.96,39.60,29.08,290.80,0.02,3960160.00,244.35,1.40,0.54,0.18
MI Lab Wing,"Aug 03 2025, 04:00:00",50.04,3.77,37.70,28.89,288.90,0.02,3959970.00,243.84,1.40,0.54,0.18
MI Lab Wing,"Aug 03 2025, 03:00:00",50.00,3.59,35.90,28.71,287.10,0.02,3959790.00,242.89,1.39,0.54,0.18
MI Lab Wing,"Aug 03 2025, 02:00:00",50.04,3.40,34.00,28.52,285.20,0.02,3959600.00,243.74,1.40,0.54,0.18
MI Lab Wing,"Aug 03 2025, 01:00:00",49.98,3.22,32.20,28.34,283.40,0.02,3959420.00,242.56,1.38,0.55,0.18
MI Lab Wing,"Aug 03 2025, 00:00:00",49.94,3.04,30.40,28.16,281.60,0.02,3959240.00,243.94,1.40,0.54,0.18
MI Lab Wing,"Aug 02 2025, 23:00:00",49.92,14.12,141.20,27.97,279.70,0.02,3959050.00,242.51,1.39,0.54,0.18
MI Lab Wing,"Aug 02 2025, 21:00:00",50.01,13.76,137.60,27.61,276.10,0.02,3958690.00,240.26,1.37,0.55,0.18
MI Lab Wing,"Aug 02 2025, 19:00:00",50.04,13.07,130.70,26.92,269.20,0.02,3958000.00,240.22,1.83,0.74,0.32
MI Lab Wing,"Aug 02 2025, 18:00:00",50.11,12.79,127.90,26.64,266.40,0.02,3957720.00,244.49,1.30,0.84,0.27
MI Lab Wing,"Aug 02 2025, 17:00:00",50.08,12.69,126.90,26.54,265.40,0.02,3957620.00,244.55,0.22,-1.00,0.06
MI Lab Wing,"Aug 02 2025, 16:00:00",50.00,12.64,126.40,26.49,264.90,0.02,3957570.00,242.36,0.24,-1.00,0.06
MI Lab Wing,"Aug 02 2025, 15:00:00",50.00,12.58,125.80,26.43,264.30,0.02,3957510.00,238.91,0.23,-1.00,0.05
MI Lab Wing,"Aug 02 2025, 14:00:00",50.00,12.53,125.30,26.38,263.80,0.02,3957460.00,239.36,0.23,-1.00,0.06
MI Lab Wing,"Aug 02 2025, 13:00:00",50.00,12.47,124.70,26.32,263.20,0.02,3957400.00,240.13,0.23,-1.00,0.06
MI Lab Wing,"Aug 02 2025, 12:00:00",50.04,12.43,124.30,26.28,262.80,0.02,3957360.00,244.23,0.23,-1.00,0.06
MI Lab Wing,"Aug 02 2025, 11:00:00",49.99,12.39,123.90,26.24,262.40,0.02,3957320.00,244.94,0.23,-1.00,0.06
MI Lab Wing,"Aug 02 2025, 09:00:00",50.00,12.30,123.00,26.15,261.50,0.02,3957230.00,241.17,0.57,0.92,0.13
MI Lab Wing,"Aug 02 2025, 08:00:00",50.25,12.17,121.70,26.02,260.20,0.02,3957100.00,244.18,0.58,0.92,0.13
MI Lab Wing,"Aug 02 2025, 07:00:00",50.07,12.05,120.50,25.90,259.00,0.02,3956980.00,241.86,0.57,0.92,0.13
MI Lab Wing,"Aug 02 2025, 06:00:00",50.07,11.92,119.20,25.77,257.70,0.02,3956850.00,240.01,0.58,0.92,0.13
MI Lab Wing,"Aug 02 2025, 05:00:00",50.07,11.79,117.90,25.64,256.40,0.02,3956720.00,244.70,0.58,0.92,0.13
MI Lab Wing,"Aug 02 2025, 04:00:00",50.06,11.66,116.60,25.51,255.10,0.02,3956590.00,245.27,0.58,0.91,0.13
MI Lab Wing,"Aug 02 2025, 03:00:00",50.03,11.53,115.30,25.38,253.80,0.02,3956460.00,244.67,0.58,0.91,0.13
MI Lab Wing,"Aug 02 2025, 02:00:00",49.87,11.40,114.00,25.25,252.50,0.02,3956330.00,243.59,0.58,0.91,0.13
MI Lab Wing,"Aug 02 2025, 01:00:00",49.98,11.27,112.70,25.12,251.20,0.02,3956200.00,244.12,0.57,0.92,0.13
MI Lab Wing,"Aug 02 2025, 00:00:00",50.07,11.15,111.50,25.00,250.00,0.02,3956080.00,242.21,0.58,0.92,0.13
MI Lab Wing,"Aug 01 2025, 22:00:00",50.10,24.74,247.40,24.74,247.40,0.02,3955820.00,240.80,0.58,0.92,0.13
MI Lab Wing,"Aug 01 2025, 21:00:00",50.05,24.37,243.70,24.37,243.70,0.02,3955450.00,240.17,2.32,0.91,0.51
MI Lab Wing,"Aug 01 2025, 18:00:00",50.08,22.84,228.40,22.84,228.40,0.02,3953920.00,244.82,2.36,0.91,0.52
MI Lab Wing,"Aug 01 2025, 17:00:00",50.08,22.32,223.20,22.32,223.20,0.02,3953400.00,244.39,2.37,0.91,0.53
MI Lab Wing,"Aug 01 2025, 16:00:00",50.07,21.86,218.60,21.86,218.60,0.02,3952940.00,244.15,2.37,0.89,0.52
MI Lab Wing,"Aug 01 2025, 15:00:00",50.01,20.89,208.90,20.89,208.90,0.02,3951970.00,242.90,5.44,1.00,1.31
MI Lab Wing,"Aug 01 2025, 14:00:00",50.18,19.63,196.30,19.63,196.30,0.01,3950710.00,241.48,3.67,0.98,0.87
MI Lab Wing,"Aug 01 2025, 13:00:00",50.05,18.57,185.70,18.57,185.70,0.01,3949650.00,244.53,2.44,-1.00,0.58
MI Lab Wing,"Aug 01 2025, 12:00:00",50.05,18.13,181.30,18.13,181.30,0.01,3949210.00,245.96,1.48,0.99,0.36
MI Lab Wing,"Aug 01 2025, 11:00:00",50.00,17.72,177.20,17.72,177.20,0.01,3948800.00,244.19,2.58,1.00,0.62
MI Lab Wing,"Aug 01 2025, 10:00:00",50.03,17.29,172.90,17.29,172.90,0.01,3948370.00,239.93,1.49,1.00,0.36
MI Lab Wing,"Aug 01 2025, 09:00:00",50.10,16.17,161.70,16.17,161.70,0.01,3947250.00,240.11,4.33,1.00,1.04
MI Lab Wing,"Aug 01 2025, 08:00:00",50.00,15.62,156.20,15.62,156.20,0.01,3946700.00,241.80,1.84,0.97,0.43
MI Lab Wing,"Aug 01 2025, 07:00:00",49.93,15.43,154.30,15.43,154.30,0.01,3946510.00,241.17,1.21,0.90,0.26
MI Lab Wing,"Aug 01 2025, 06:00:00",50.06,15.17,151.70,15.17,151.70,0.01,3946250.00,241.09,1.20,0.90,0.26
MI Lab Wing,"Aug 01 2025, 05:00:00",50.06,14.91,149.10,14.91,149.10,0.01,3945990.00,241.50,1.21,0.91,0.26
MI Lab Wing,"Aug 01 2025, 04:00:00",49.93,14.64,146.40,14.64,146.40,0.01,3945720.00,243.47,1.21,0.90,0.27
MI Lab Wing,"Aug 01 2025, 03:00:00",49.94,14.38,143.80,14.38,143.80,0.01,3945460.00,241.95,1.21,0.90,0.26
MI Lab Wing,"Aug 01 2025, 02:00:00",50.03,14.11,141.10,14.11,141.10,0.01,3945190.00,243.32,1.21,0.90,0.26
MI Lab Wing,"Aug 01 2025, 01:00:00",50.00,13.85,138.50,13.85,138.50,0.01,3944930.00,242.60,1.21,0.90,0.26
MI Lab Wing,"Aug 01 2025, 00:00:00",50.05,27.17,271.70,27.17,271.70,0.02,3944670.00,240.74,1.21,0.90,0.26